
truncate table friendship;
truncate table friendship_statuses;
truncate table likes;
truncate table like_types;
truncate table media_types;
truncate table media;
truncate table communities;
truncate table communities_users;
truncate table messages;
truncate table users;
truncate table profiles;

INSERT INTO `friendship_statuses` (`id`, `name`) VALUES (2, 'family');
INSERT INTO `friendship_statuses` (`id`, `name`) VALUES (1, 'Colleagues');


INSERT INTO `like_types` (`id`, `name`) VALUES (3, 'community');
INSERT INTO `like_types` (`id`, `name`) VALUES (1, 'user');
INSERT INTO `like_types` (`id`, `name`) VALUES (2, 'media');

INSERT INTO `communities` (`id`, `name`) VALUES (4, 'dolore');
INSERT INTO `communities` (`id`, `name`) VALUES (9, 'enim');
INSERT INTO `communities` (`id`, `name`) VALUES (7, 'eos');
INSERT INTO `communities` (`id`, `name`) VALUES (10, 'et');
INSERT INTO `communities` (`id`, `name`) VALUES (1, 'eum');
INSERT INTO `communities` (`id`, `name`) VALUES (11, 'hic');
INSERT INTO `communities` (`id`, `name`) VALUES (14, 'incidunt');
INSERT INTO `communities` (`id`, `name`) VALUES (3, 'minima');
INSERT INTO `communities` (`id`, `name`) VALUES (15, 'optio');
INSERT INTO `communities` (`id`, `name`) VALUES (5, 'quas');
INSERT INTO `communities` (`id`, `name`) VALUES (8, 'qui');
INSERT INTO `communities` (`id`, `name`) VALUES (2, 'quis');
INSERT INTO `communities` (`id`, `name`) VALUES (6, 'repellendus');
INSERT INTO `communities` (`id`, `name`) VALUES (13, 'ut');
INSERT INTO `communities` (`id`, `name`) VALUES (12, 'veniam');

INSERT INTO `communities_users` (`community_id`, `user_id`) VALUES (1, 1);
INSERT INTO `communities_users` (`community_id`, `user_id`) VALUES (1, 16);
INSERT INTO `communities_users` (`community_id`, `user_id`) VALUES (1, 31);
INSERT INTO `communities_users` (`community_id`, `user_id`) VALUES (1, 46);
INSERT INTO `communities_users` (`community_id`, `user_id`) VALUES (2, 2);
INSERT INTO `communities_users` (`community_id`, `user_id`) VALUES (2, 17);
INSERT INTO `communities_users` (`community_id`, `user_id`) VALUES (2, 32);
INSERT INTO `communities_users` (`community_id`, `user_id`) VALUES (2, 47);
INSERT INTO `communities_users` (`community_id`, `user_id`) VALUES (3, 3);
INSERT INTO `communities_users` (`community_id`, `user_id`) VALUES (3, 18);
INSERT INTO `communities_users` (`community_id`, `user_id`) VALUES (3, 33);
INSERT INTO `communities_users` (`community_id`, `user_id`) VALUES (3, 48);
INSERT INTO `communities_users` (`community_id`, `user_id`) VALUES (4, 4);
INSERT INTO `communities_users` (`community_id`, `user_id`) VALUES (4, 19);
INSERT INTO `communities_users` (`community_id`, `user_id`) VALUES (4, 34);
INSERT INTO `communities_users` (`community_id`, `user_id`) VALUES (4, 49);
INSERT INTO `communities_users` (`community_id`, `user_id`) VALUES (5, 5);
INSERT INTO `communities_users` (`community_id`, `user_id`) VALUES (5, 20);
INSERT INTO `communities_users` (`community_id`, `user_id`) VALUES (5, 35);
INSERT INTO `communities_users` (`community_id`, `user_id`) VALUES (5, 50);
INSERT INTO `communities_users` (`community_id`, `user_id`) VALUES (6, 6);
INSERT INTO `communities_users` (`community_id`, `user_id`) VALUES (6, 21);
INSERT INTO `communities_users` (`community_id`, `user_id`) VALUES (6, 36);
INSERT INTO `communities_users` (`community_id`, `user_id`) VALUES (7, 7);
INSERT INTO `communities_users` (`community_id`, `user_id`) VALUES (7, 22);
INSERT INTO `communities_users` (`community_id`, `user_id`) VALUES (7, 37);
INSERT INTO `communities_users` (`community_id`, `user_id`) VALUES (8, 8);
INSERT INTO `communities_users` (`community_id`, `user_id`) VALUES (8, 23);
INSERT INTO `communities_users` (`community_id`, `user_id`) VALUES (8, 38);
INSERT INTO `communities_users` (`community_id`, `user_id`) VALUES (9, 9);
INSERT INTO `communities_users` (`community_id`, `user_id`) VALUES (9, 24);
INSERT INTO `communities_users` (`community_id`, `user_id`) VALUES (9, 39);
INSERT INTO `communities_users` (`community_id`, `user_id`) VALUES (10, 10);
INSERT INTO `communities_users` (`community_id`, `user_id`) VALUES (10, 25);
INSERT INTO `communities_users` (`community_id`, `user_id`) VALUES (10, 40);
INSERT INTO `communities_users` (`community_id`, `user_id`) VALUES (11, 11);
INSERT INTO `communities_users` (`community_id`, `user_id`) VALUES (11, 26);
INSERT INTO `communities_users` (`community_id`, `user_id`) VALUES (11, 41);
INSERT INTO `communities_users` (`community_id`, `user_id`) VALUES (12, 12);
INSERT INTO `communities_users` (`community_id`, `user_id`) VALUES (12, 27);
INSERT INTO `communities_users` (`community_id`, `user_id`) VALUES (12, 42);
INSERT INTO `communities_users` (`community_id`, `user_id`) VALUES (13, 13);
INSERT INTO `communities_users` (`community_id`, `user_id`) VALUES (13, 28);
INSERT INTO `communities_users` (`community_id`, `user_id`) VALUES (13, 43);
INSERT INTO `communities_users` (`community_id`, `user_id`) VALUES (14, 14);
INSERT INTO `communities_users` (`community_id`, `user_id`) VALUES (14, 29);
INSERT INTO `communities_users` (`community_id`, `user_id`) VALUES (14, 44);
INSERT INTO `communities_users` (`community_id`, `user_id`) VALUES (15, 15);
INSERT INTO `communities_users` (`community_id`, `user_id`) VALUES (15, 30);
INSERT INTO `communities_users` (`community_id`, `user_id`) VALUES (15, 45);

INSERT INTO `friendship` (`user_id`, `friend_id`, `status_id`, `requested_at`, `confirmed_at`) VALUES (1, 1, 1, '1971-10-14 04:38:52', '2002-10-27 22:44:41');
INSERT INTO `friendship` (`user_id`, `friend_id`, `status_id`, `requested_at`, `confirmed_at`) VALUES (2, 2, 2, '2004-03-12 19:17:24', '2003-01-25 11:29:29');
INSERT INTO `friendship` (`user_id`, `friend_id`, `status_id`, `requested_at`, `confirmed_at`) VALUES (3, 3, 1, '2019-01-06 12:08:17', '2009-11-18 17:16:17');
INSERT INTO `friendship` (`user_id`, `friend_id`, `status_id`, `requested_at`, `confirmed_at`) VALUES (4, 4, 2, '2007-07-20 23:04:33', '1981-11-09 13:49:13');
INSERT INTO `friendship` (`user_id`, `friend_id`, `status_id`, `requested_at`, `confirmed_at`) VALUES (5, 5, 1, '2003-07-19 01:43:30', '2013-12-15 17:38:40');
INSERT INTO `friendship` (`user_id`, `friend_id`, `status_id`, `requested_at`, `confirmed_at`) VALUES (6, 6, 2, '2011-08-26 08:35:52', '1997-07-21 10:34:22');
INSERT INTO `friendship` (`user_id`, `friend_id`, `status_id`, `requested_at`, `confirmed_at`) VALUES (7, 7, 1, '1971-02-18 01:28:51', '1998-01-11 10:09:38');
INSERT INTO `friendship` (`user_id`, `friend_id`, `status_id`, `requested_at`, `confirmed_at`) VALUES (8, 8, 2, '1985-11-08 05:29:31', '1978-01-24 12:56:53');
INSERT INTO `friendship` (`user_id`, `friend_id`, `status_id`, `requested_at`, `confirmed_at`) VALUES (9, 9, 1, '2019-07-04 03:02:05', '1992-03-06 22:19:32');
INSERT INTO `friendship` (`user_id`, `friend_id`, `status_id`, `requested_at`, `confirmed_at`) VALUES (10, 10, 2, '2017-09-25 15:11:47', '1972-11-16 15:36:40');
INSERT INTO `friendship` (`user_id`, `friend_id`, `status_id`, `requested_at`, `confirmed_at`) VALUES (11, 11, 1, '1984-08-22 19:37:33', '1970-03-25 21:00:38');
INSERT INTO `friendship` (`user_id`, `friend_id`, `status_id`, `requested_at`, `confirmed_at`) VALUES (12, 12, 2, '2007-06-04 20:03:32', '2003-11-22 10:27:58');
INSERT INTO `friendship` (`user_id`, `friend_id`, `status_id`, `requested_at`, `confirmed_at`) VALUES (13, 13, 1, '1982-07-31 17:15:31', '1970-09-30 02:21:59');
INSERT INTO `friendship` (`user_id`, `friend_id`, `status_id`, `requested_at`, `confirmed_at`) VALUES (14, 14, 2, '1974-03-30 15:27:21', '1977-01-06 14:39:11');
INSERT INTO `friendship` (`user_id`, `friend_id`, `status_id`, `requested_at`, `confirmed_at`) VALUES (15, 15, 1, '2015-07-14 00:17:34', '1985-12-09 14:24:49');
INSERT INTO `friendship` (`user_id`, `friend_id`, `status_id`, `requested_at`, `confirmed_at`) VALUES (16, 16, 2, '1974-06-24 16:42:28', '1999-06-02 10:19:19');
INSERT INTO `friendship` (`user_id`, `friend_id`, `status_id`, `requested_at`, `confirmed_at`) VALUES (17, 17, 1, '2000-08-29 17:28:30', '1992-03-04 22:44:51');
INSERT INTO `friendship` (`user_id`, `friend_id`, `status_id`, `requested_at`, `confirmed_at`) VALUES (18, 18, 2, '1997-04-04 12:55:55', '2012-10-08 16:22:27');
INSERT INTO `friendship` (`user_id`, `friend_id`, `status_id`, `requested_at`, `confirmed_at`) VALUES (19, 19, 1, '1987-07-27 14:20:35', '2002-12-14 10:46:44');
INSERT INTO `friendship` (`user_id`, `friend_id`, `status_id`, `requested_at`, `confirmed_at`) VALUES (20, 20, 2, '1988-03-03 12:31:16', '1973-06-13 10:09:19');
INSERT INTO `friendship` (`user_id`, `friend_id`, `status_id`, `requested_at`, `confirmed_at`) VALUES (21, 21, 1, '1985-04-06 04:07:50', '2001-12-28 14:28:38');
INSERT INTO `friendship` (`user_id`, `friend_id`, `status_id`, `requested_at`, `confirmed_at`) VALUES (22, 22, 2, '1997-08-01 11:30:51', '1973-04-12 20:35:10');
INSERT INTO `friendship` (`user_id`, `friend_id`, `status_id`, `requested_at`, `confirmed_at`) VALUES (23, 23, 1, '1981-05-09 09:45:03', '1996-12-22 17:33:34');
INSERT INTO `friendship` (`user_id`, `friend_id`, `status_id`, `requested_at`, `confirmed_at`) VALUES (24, 24, 2, '1976-01-16 10:50:00', '1994-02-08 18:05:39');
INSERT INTO `friendship` (`user_id`, `friend_id`, `status_id`, `requested_at`, `confirmed_at`) VALUES (25, 25, 1, '2005-09-10 19:48:06', '2014-08-16 12:43:02');
INSERT INTO `friendship` (`user_id`, `friend_id`, `status_id`, `requested_at`, `confirmed_at`) VALUES (26, 26, 2, '1981-08-23 00:04:08', '2014-04-15 23:42:19');
INSERT INTO `friendship` (`user_id`, `friend_id`, `status_id`, `requested_at`, `confirmed_at`) VALUES (27, 27, 1, '2016-12-17 17:35:49', '1987-06-13 02:54:37');
INSERT INTO `friendship` (`user_id`, `friend_id`, `status_id`, `requested_at`, `confirmed_at`) VALUES (28, 28, 2, '2017-10-21 15:28:52', '1996-05-01 01:55:12');
INSERT INTO `friendship` (`user_id`, `friend_id`, `status_id`, `requested_at`, `confirmed_at`) VALUES (29, 29, 1, '1975-09-06 19:37:11', '2016-07-14 16:03:01');
INSERT INTO `friendship` (`user_id`, `friend_id`, `status_id`, `requested_at`, `confirmed_at`) VALUES (30, 30, 2, '1991-03-27 14:41:41', '1990-09-13 05:00:37');
INSERT INTO `friendship` (`user_id`, `friend_id`, `status_id`, `requested_at`, `confirmed_at`) VALUES (31, 31, 1, '1971-10-16 23:50:08', '1971-09-22 05:37:42');
INSERT INTO `friendship` (`user_id`, `friend_id`, `status_id`, `requested_at`, `confirmed_at`) VALUES (32, 32, 2, '1993-07-05 22:50:46', '1987-07-24 22:28:30');
INSERT INTO `friendship` (`user_id`, `friend_id`, `status_id`, `requested_at`, `confirmed_at`) VALUES (33, 33, 1, '1972-10-28 14:55:24', '1975-02-26 06:13:32');
INSERT INTO `friendship` (`user_id`, `friend_id`, `status_id`, `requested_at`, `confirmed_at`) VALUES (34, 34, 2, '1988-07-16 17:24:13', '2005-07-24 22:24:07');
INSERT INTO `friendship` (`user_id`, `friend_id`, `status_id`, `requested_at`, `confirmed_at`) VALUES (35, 35, 1, '1987-06-30 07:27:01', '1996-08-16 13:17:51');
INSERT INTO `friendship` (`user_id`, `friend_id`, `status_id`, `requested_at`, `confirmed_at`) VALUES (36, 36, 2, '2008-04-05 03:20:38', '1997-05-12 21:21:40');
INSERT INTO `friendship` (`user_id`, `friend_id`, `status_id`, `requested_at`, `confirmed_at`) VALUES (37, 37, 1, '1997-12-04 21:52:08', '1987-08-18 03:21:57');
INSERT INTO `friendship` (`user_id`, `friend_id`, `status_id`, `requested_at`, `confirmed_at`) VALUES (38, 38, 2, '2019-11-08 06:24:37', '1995-11-21 03:40:45');
INSERT INTO `friendship` (`user_id`, `friend_id`, `status_id`, `requested_at`, `confirmed_at`) VALUES (39, 39, 1, '2008-07-05 22:22:25', '2010-01-29 04:41:52');
INSERT INTO `friendship` (`user_id`, `friend_id`, `status_id`, `requested_at`, `confirmed_at`) VALUES (40, 40, 2, '2013-06-07 18:15:02', '1992-11-09 23:40:25');
INSERT INTO `friendship` (`user_id`, `friend_id`, `status_id`, `requested_at`, `confirmed_at`) VALUES (41, 41, 1, '1994-01-01 18:50:57', '1988-04-12 12:16:29');
INSERT INTO `friendship` (`user_id`, `friend_id`, `status_id`, `requested_at`, `confirmed_at`) VALUES (42, 42, 2, '1986-12-14 01:08:09', '1977-11-30 03:24:33');
INSERT INTO `friendship` (`user_id`, `friend_id`, `status_id`, `requested_at`, `confirmed_at`) VALUES (43, 43, 1, '1981-09-13 02:51:20', '1980-05-17 05:10:16');
INSERT INTO `friendship` (`user_id`, `friend_id`, `status_id`, `requested_at`, `confirmed_at`) VALUES (44, 44, 2, '1977-08-01 23:00:25', '1993-12-01 12:43:08');
INSERT INTO `friendship` (`user_id`, `friend_id`, `status_id`, `requested_at`, `confirmed_at`) VALUES (45, 45, 1, '1980-04-20 12:12:06', '2000-08-23 10:48:01');
INSERT INTO `friendship` (`user_id`, `friend_id`, `status_id`, `requested_at`, `confirmed_at`) VALUES (46, 46, 2, '1983-06-19 23:49:31', '1980-10-23 12:15:22');
INSERT INTO `friendship` (`user_id`, `friend_id`, `status_id`, `requested_at`, `confirmed_at`) VALUES (47, 47, 1, '1999-04-18 10:58:50', '1975-02-16 22:44:17');
INSERT INTO `friendship` (`user_id`, `friend_id`, `status_id`, `requested_at`, `confirmed_at`) VALUES (48, 48, 2, '2017-08-21 08:34:22', '1997-12-17 22:47:43');
INSERT INTO `friendship` (`user_id`, `friend_id`, `status_id`, `requested_at`, `confirmed_at`) VALUES (49, 49, 1, '1979-08-27 11:06:03', '1984-01-09 19:32:13');
INSERT INTO `friendship` (`user_id`, `friend_id`, `status_id`, `requested_at`, `confirmed_at`) VALUES (50, 50, 2, '2017-12-09 19:43:46', '1987-12-21 20:59:39');
INSERT INTO `friendship` (`user_id`, `friend_id`, `status_id`, `requested_at`, `confirmed_at`) VALUES (51, 51, 1, '1970-05-19 18:48:42', '2018-02-05 20:38:49');
INSERT INTO `friendship` (`user_id`, `friend_id`, `status_id`, `requested_at`, `confirmed_at`) VALUES (52, 52, 2, '1971-01-15 03:31:48', '1989-09-13 23:02:04');
INSERT INTO `friendship` (`user_id`, `friend_id`, `status_id`, `requested_at`, `confirmed_at`) VALUES (53, 53, 1, '1994-10-29 08:35:45', '1979-11-24 01:00:26');
INSERT INTO `friendship` (`user_id`, `friend_id`, `status_id`, `requested_at`, `confirmed_at`) VALUES (54, 54, 2, '1976-05-02 04:36:28', '1971-01-06 14:13:12');
INSERT INTO `friendship` (`user_id`, `friend_id`, `status_id`, `requested_at`, `confirmed_at`) VALUES (55, 55, 1, '2007-05-01 20:40:16', '1990-07-23 12:51:35');
INSERT INTO `friendship` (`user_id`, `friend_id`, `status_id`, `requested_at`, `confirmed_at`) VALUES (56, 56, 2, '2017-11-21 01:42:35', '1988-09-30 20:32:35');
INSERT INTO `friendship` (`user_id`, `friend_id`, `status_id`, `requested_at`, `confirmed_at`) VALUES (57, 57, 1, '1986-08-14 09:34:05', '2009-09-03 13:47:07');
INSERT INTO `friendship` (`user_id`, `friend_id`, `status_id`, `requested_at`, `confirmed_at`) VALUES (58, 58, 2, '1986-01-06 08:26:18', '1976-08-20 15:08:41');
INSERT INTO `friendship` (`user_id`, `friend_id`, `status_id`, `requested_at`, `confirmed_at`) VALUES (59, 59, 1, '1995-11-23 04:19:01', '1988-01-10 07:48:38');
INSERT INTO `friendship` (`user_id`, `friend_id`, `status_id`, `requested_at`, `confirmed_at`) VALUES (60, 60, 2, '1990-12-22 12:32:52', '1986-09-12 12:03:22');
INSERT INTO `friendship` (`user_id`, `friend_id`, `status_id`, `requested_at`, `confirmed_at`) VALUES (61, 61, 1, '1973-12-28 19:18:48', '2006-01-10 09:00:55');
INSERT INTO `friendship` (`user_id`, `friend_id`, `status_id`, `requested_at`, `confirmed_at`) VALUES (62, 62, 2, '1994-09-19 23:05:00', '1978-01-06 00:07:24');
INSERT INTO `friendship` (`user_id`, `friend_id`, `status_id`, `requested_at`, `confirmed_at`) VALUES (63, 63, 1, '2012-10-10 17:50:09', '1975-09-05 08:48:32');
INSERT INTO `friendship` (`user_id`, `friend_id`, `status_id`, `requested_at`, `confirmed_at`) VALUES (64, 64, 2, '2003-07-25 02:35:53', '2014-02-06 22:56:58');
INSERT INTO `friendship` (`user_id`, `friend_id`, `status_id`, `requested_at`, `confirmed_at`) VALUES (65, 65, 1, '1997-08-31 11:50:07', '1992-06-09 11:56:56');
INSERT INTO `friendship` (`user_id`, `friend_id`, `status_id`, `requested_at`, `confirmed_at`) VALUES (66, 66, 2, '1975-09-01 17:30:57', '1971-04-15 21:40:12');
INSERT INTO `friendship` (`user_id`, `friend_id`, `status_id`, `requested_at`, `confirmed_at`) VALUES (67, 67, 1, '1975-11-26 21:47:37', '1991-05-14 00:01:37');
INSERT INTO `friendship` (`user_id`, `friend_id`, `status_id`, `requested_at`, `confirmed_at`) VALUES (68, 68, 2, '2000-10-30 10:39:31', '1993-07-28 13:58:40');
INSERT INTO `friendship` (`user_id`, `friend_id`, `status_id`, `requested_at`, `confirmed_at`) VALUES (69, 69, 1, '2016-12-14 12:03:27', '1998-09-11 05:03:19');
INSERT INTO `friendship` (`user_id`, `friend_id`, `status_id`, `requested_at`, `confirmed_at`) VALUES (70, 70, 2, '1975-11-06 12:14:25', '1980-07-13 12:11:12');
INSERT INTO `friendship` (`user_id`, `friend_id`, `status_id`, `requested_at`, `confirmed_at`) VALUES (71, 71, 1, '1994-07-31 15:41:49', '1980-02-10 15:34:15');
INSERT INTO `friendship` (`user_id`, `friend_id`, `status_id`, `requested_at`, `confirmed_at`) VALUES (72, 72, 2, '1985-06-06 17:02:05', '2005-05-10 08:03:22');
INSERT INTO `friendship` (`user_id`, `friend_id`, `status_id`, `requested_at`, `confirmed_at`) VALUES (73, 73, 1, '2015-02-21 00:02:01', '1974-10-31 19:48:47');
INSERT INTO `friendship` (`user_id`, `friend_id`, `status_id`, `requested_at`, `confirmed_at`) VALUES (74, 74, 2, '1974-04-13 11:37:55', '2015-04-21 14:57:45');
INSERT INTO `friendship` (`user_id`, `friend_id`, `status_id`, `requested_at`, `confirmed_at`) VALUES (75, 75, 1, '1998-01-11 07:24:43', '1984-04-30 03:44:21');
INSERT INTO `friendship` (`user_id`, `friend_id`, `status_id`, `requested_at`, `confirmed_at`) VALUES (76, 76, 2, '1991-04-24 14:29:33', '1974-07-10 13:32:29');
INSERT INTO `friendship` (`user_id`, `friend_id`, `status_id`, `requested_at`, `confirmed_at`) VALUES (77, 77, 1, '1973-11-02 06:21:12', '2006-07-26 14:06:19');
INSERT INTO `friendship` (`user_id`, `friend_id`, `status_id`, `requested_at`, `confirmed_at`) VALUES (78, 78, 2, '1999-12-05 18:54:59', '2015-09-28 13:55:24');
INSERT INTO `friendship` (`user_id`, `friend_id`, `status_id`, `requested_at`, `confirmed_at`) VALUES (79, 79, 1, '1990-07-09 22:47:37', '2002-07-07 19:48:25');
INSERT INTO `friendship` (`user_id`, `friend_id`, `status_id`, `requested_at`, `confirmed_at`) VALUES (80, 80, 2, '2003-11-29 18:08:07', '2019-07-17 22:00:57');
INSERT INTO `friendship` (`user_id`, `friend_id`, `status_id`, `requested_at`, `confirmed_at`) VALUES (81, 81, 1, '1992-06-16 16:35:25', '1973-05-06 15:23:27');
INSERT INTO `friendship` (`user_id`, `friend_id`, `status_id`, `requested_at`, `confirmed_at`) VALUES (82, 82, 2, '1985-07-22 08:45:37', '1991-06-02 06:50:18');
INSERT INTO `friendship` (`user_id`, `friend_id`, `status_id`, `requested_at`, `confirmed_at`) VALUES (83, 83, 1, '2006-09-30 14:24:38', '1994-06-04 20:10:58');
INSERT INTO `friendship` (`user_id`, `friend_id`, `status_id`, `requested_at`, `confirmed_at`) VALUES (84, 84, 2, '1975-08-08 06:32:13', '2015-07-19 17:29:29');
INSERT INTO `friendship` (`user_id`, `friend_id`, `status_id`, `requested_at`, `confirmed_at`) VALUES (85, 85, 1, '2006-08-26 18:22:59', '1994-02-01 12:23:47');
INSERT INTO `friendship` (`user_id`, `friend_id`, `status_id`, `requested_at`, `confirmed_at`) VALUES (86, 86, 2, '1995-04-20 12:19:10', '1998-07-17 15:48:02');
INSERT INTO `friendship` (`user_id`, `friend_id`, `status_id`, `requested_at`, `confirmed_at`) VALUES (87, 87, 1, '1993-07-25 13:17:42', '1985-05-09 14:26:26');
INSERT INTO `friendship` (`user_id`, `friend_id`, `status_id`, `requested_at`, `confirmed_at`) VALUES (88, 88, 2, '1986-11-15 13:30:57', '1983-01-19 10:16:06');
INSERT INTO `friendship` (`user_id`, `friend_id`, `status_id`, `requested_at`, `confirmed_at`) VALUES (89, 89, 1, '2018-04-30 21:22:08', '1985-09-06 15:06:53');
INSERT INTO `friendship` (`user_id`, `friend_id`, `status_id`, `requested_at`, `confirmed_at`) VALUES (90, 90, 2, '1992-05-31 12:39:02', '1979-07-08 15:28:20');
INSERT INTO `friendship` (`user_id`, `friend_id`, `status_id`, `requested_at`, `confirmed_at`) VALUES (91, 91, 1, '1994-02-27 08:49:49', '1983-05-26 21:47:43');
INSERT INTO `friendship` (`user_id`, `friend_id`, `status_id`, `requested_at`, `confirmed_at`) VALUES (92, 92, 2, '1993-12-06 11:10:41', '2018-06-28 12:22:36');
INSERT INTO `friendship` (`user_id`, `friend_id`, `status_id`, `requested_at`, `confirmed_at`) VALUES (93, 93, 1, '2014-05-27 14:39:28', '1981-09-13 09:44:40');
INSERT INTO `friendship` (`user_id`, `friend_id`, `status_id`, `requested_at`, `confirmed_at`) VALUES (94, 94, 2, '2014-09-26 18:28:24', '1983-07-15 11:24:44');
INSERT INTO `friendship` (`user_id`, `friend_id`, `status_id`, `requested_at`, `confirmed_at`) VALUES (95, 95, 1, '2015-01-24 04:07:22', '1998-05-16 23:28:49');
INSERT INTO `friendship` (`user_id`, `friend_id`, `status_id`, `requested_at`, `confirmed_at`) VALUES (96, 96, 2, '1978-05-08 14:05:39', '1995-09-19 19:12:31');
INSERT INTO `friendship` (`user_id`, `friend_id`, `status_id`, `requested_at`, `confirmed_at`) VALUES (97, 97, 1, '1971-06-17 04:29:07', '1970-05-24 11:09:32');
INSERT INTO `friendship` (`user_id`, `friend_id`, `status_id`, `requested_at`, `confirmed_at`) VALUES (98, 98, 2, '2011-12-18 04:40:22', '1983-01-22 02:42:02');
INSERT INTO `friendship` (`user_id`, `friend_id`, `status_id`, `requested_at`, `confirmed_at`) VALUES (99, 99, 1, '1989-04-06 13:33:34', '1974-12-17 02:57:54');
INSERT INTO `friendship` (`user_id`, `friend_id`, `status_id`, `requested_at`, `confirmed_at`) VALUES (100, 100, 2, '2017-05-22 02:33:58', '1975-01-04 12:24:43');

INSERT INTO `likes` (`id`, `like_type_id`, `user_id`, `to_id`) VALUES (1, 1, 1, 1);
INSERT INTO `likes` (`id`, `like_type_id`, `user_id`, `to_id`) VALUES (2, 2, 2, 2);
INSERT INTO `likes` (`id`, `like_type_id`, `user_id`, `to_id`) VALUES (3, 3, 3, 3);
INSERT INTO `likes` (`id`, `like_type_id`, `user_id`, `to_id`) VALUES (4, 1, 4, 4);
INSERT INTO `likes` (`id`, `like_type_id`, `user_id`, `to_id`) VALUES (5, 2, 5, 5);
INSERT INTO `likes` (`id`, `like_type_id`, `user_id`, `to_id`) VALUES (6, 3, 6, 6);
INSERT INTO `likes` (`id`, `like_type_id`, `user_id`, `to_id`) VALUES (7, 1, 7, 7);
INSERT INTO `likes` (`id`, `like_type_id`, `user_id`, `to_id`) VALUES (8, 2, 8, 8);
INSERT INTO `likes` (`id`, `like_type_id`, `user_id`, `to_id`) VALUES (9, 3, 9, 9);
INSERT INTO `likes` (`id`, `like_type_id`, `user_id`, `to_id`) VALUES (10, 1, 10, 10);
INSERT INTO `likes` (`id`, `like_type_id`, `user_id`, `to_id`) VALUES (11, 2, 11, 11);
INSERT INTO `likes` (`id`, `like_type_id`, `user_id`, `to_id`) VALUES (12, 3, 12, 12);
INSERT INTO `likes` (`id`, `like_type_id`, `user_id`, `to_id`) VALUES (13, 1, 13, 13);
INSERT INTO `likes` (`id`, `like_type_id`, `user_id`, `to_id`) VALUES (14, 2, 14, 14);
INSERT INTO `likes` (`id`, `like_type_id`, `user_id`, `to_id`) VALUES (15, 3, 15, 15);
INSERT INTO `likes` (`id`, `like_type_id`, `user_id`, `to_id`) VALUES (16, 1, 16, 16);
INSERT INTO `likes` (`id`, `like_type_id`, `user_id`, `to_id`) VALUES (17, 2, 17, 17);
INSERT INTO `likes` (`id`, `like_type_id`, `user_id`, `to_id`) VALUES (18, 3, 18, 18);
INSERT INTO `likes` (`id`, `like_type_id`, `user_id`, `to_id`) VALUES (19, 1, 19, 19);
INSERT INTO `likes` (`id`, `like_type_id`, `user_id`, `to_id`) VALUES (20, 2, 20, 20);
INSERT INTO `likes` (`id`, `like_type_id`, `user_id`, `to_id`) VALUES (21, 3, 21, 21);
INSERT INTO `likes` (`id`, `like_type_id`, `user_id`, `to_id`) VALUES (22, 1, 22, 22);
INSERT INTO `likes` (`id`, `like_type_id`, `user_id`, `to_id`) VALUES (23, 2, 23, 23);
INSERT INTO `likes` (`id`, `like_type_id`, `user_id`, `to_id`) VALUES (24, 3, 24, 24);
INSERT INTO `likes` (`id`, `like_type_id`, `user_id`, `to_id`) VALUES (25, 1, 25, 25);
INSERT INTO `likes` (`id`, `like_type_id`, `user_id`, `to_id`) VALUES (26, 2, 26, 26);
INSERT INTO `likes` (`id`, `like_type_id`, `user_id`, `to_id`) VALUES (27, 3, 27, 27);
INSERT INTO `likes` (`id`, `like_type_id`, `user_id`, `to_id`) VALUES (28, 1, 28, 28);
INSERT INTO `likes` (`id`, `like_type_id`, `user_id`, `to_id`) VALUES (29, 2, 29, 29);
INSERT INTO `likes` (`id`, `like_type_id`, `user_id`, `to_id`) VALUES (30, 3, 30, 30);
INSERT INTO `likes` (`id`, `like_type_id`, `user_id`, `to_id`) VALUES (31, 1, 31, 31);
INSERT INTO `likes` (`id`, `like_type_id`, `user_id`, `to_id`) VALUES (32, 2, 32, 32);
INSERT INTO `likes` (`id`, `like_type_id`, `user_id`, `to_id`) VALUES (33, 3, 33, 33);
INSERT INTO `likes` (`id`, `like_type_id`, `user_id`, `to_id`) VALUES (34, 1, 34, 34);
INSERT INTO `likes` (`id`, `like_type_id`, `user_id`, `to_id`) VALUES (35, 2, 35, 35);
INSERT INTO `likes` (`id`, `like_type_id`, `user_id`, `to_id`) VALUES (36, 3, 36, 36);
INSERT INTO `likes` (`id`, `like_type_id`, `user_id`, `to_id`) VALUES (37, 1, 37, 37);
INSERT INTO `likes` (`id`, `like_type_id`, `user_id`, `to_id`) VALUES (38, 2, 38, 38);
INSERT INTO `likes` (`id`, `like_type_id`, `user_id`, `to_id`) VALUES (39, 3, 39, 39);
INSERT INTO `likes` (`id`, `like_type_id`, `user_id`, `to_id`) VALUES (40, 1, 40, 40);
INSERT INTO `likes` (`id`, `like_type_id`, `user_id`, `to_id`) VALUES (41, 2, 41, 41);
INSERT INTO `likes` (`id`, `like_type_id`, `user_id`, `to_id`) VALUES (42, 3, 42, 42);
INSERT INTO `likes` (`id`, `like_type_id`, `user_id`, `to_id`) VALUES (43, 1, 43, 43);
INSERT INTO `likes` (`id`, `like_type_id`, `user_id`, `to_id`) VALUES (44, 2, 44, 44);
INSERT INTO `likes` (`id`, `like_type_id`, `user_id`, `to_id`) VALUES (45, 3, 45, 45);
INSERT INTO `likes` (`id`, `like_type_id`, `user_id`, `to_id`) VALUES (46, 1, 46, 46);
INSERT INTO `likes` (`id`, `like_type_id`, `user_id`, `to_id`) VALUES (47, 2, 47, 47);
INSERT INTO `likes` (`id`, `like_type_id`, `user_id`, `to_id`) VALUES (48, 3, 48, 48);
INSERT INTO `likes` (`id`, `like_type_id`, `user_id`, `to_id`) VALUES (49, 1, 49, 49);
INSERT INTO `likes` (`id`, `like_type_id`, `user_id`, `to_id`) VALUES (50, 2, 50, 50);
INSERT INTO `likes` (`id`, `like_type_id`, `user_id`, `to_id`) VALUES (51, 3, 51, 51);
INSERT INTO `likes` (`id`, `like_type_id`, `user_id`, `to_id`) VALUES (52, 1, 52, 52);
INSERT INTO `likes` (`id`, `like_type_id`, `user_id`, `to_id`) VALUES (53, 2, 53, 53);
INSERT INTO `likes` (`id`, `like_type_id`, `user_id`, `to_id`) VALUES (54, 3, 54, 54);
INSERT INTO `likes` (`id`, `like_type_id`, `user_id`, `to_id`) VALUES (55, 1, 55, 55);
INSERT INTO `likes` (`id`, `like_type_id`, `user_id`, `to_id`) VALUES (56, 2, 56, 56);
INSERT INTO `likes` (`id`, `like_type_id`, `user_id`, `to_id`) VALUES (57, 3, 57, 57);
INSERT INTO `likes` (`id`, `like_type_id`, `user_id`, `to_id`) VALUES (58, 1, 58, 58);
INSERT INTO `likes` (`id`, `like_type_id`, `user_id`, `to_id`) VALUES (59, 2, 59, 59);
INSERT INTO `likes` (`id`, `like_type_id`, `user_id`, `to_id`) VALUES (60, 3, 60, 60);
INSERT INTO `likes` (`id`, `like_type_id`, `user_id`, `to_id`) VALUES (61, 1, 61, 61);
INSERT INTO `likes` (`id`, `like_type_id`, `user_id`, `to_id`) VALUES (62, 2, 62, 62);
INSERT INTO `likes` (`id`, `like_type_id`, `user_id`, `to_id`) VALUES (63, 3, 63, 63);
INSERT INTO `likes` (`id`, `like_type_id`, `user_id`, `to_id`) VALUES (64, 1, 64, 64);
INSERT INTO `likes` (`id`, `like_type_id`, `user_id`, `to_id`) VALUES (65, 2, 65, 65);
INSERT INTO `likes` (`id`, `like_type_id`, `user_id`, `to_id`) VALUES (66, 3, 66, 66);
INSERT INTO `likes` (`id`, `like_type_id`, `user_id`, `to_id`) VALUES (67, 1, 67, 67);
INSERT INTO `likes` (`id`, `like_type_id`, `user_id`, `to_id`) VALUES (68, 2, 68, 68);
INSERT INTO `likes` (`id`, `like_type_id`, `user_id`, `to_id`) VALUES (69, 3, 69, 69);
INSERT INTO `likes` (`id`, `like_type_id`, `user_id`, `to_id`) VALUES (70, 1, 70, 70);
INSERT INTO `likes` (`id`, `like_type_id`, `user_id`, `to_id`) VALUES (71, 2, 71, 71);
INSERT INTO `likes` (`id`, `like_type_id`, `user_id`, `to_id`) VALUES (72, 3, 72, 72);
INSERT INTO `likes` (`id`, `like_type_id`, `user_id`, `to_id`) VALUES (73, 1, 73, 73);
INSERT INTO `likes` (`id`, `like_type_id`, `user_id`, `to_id`) VALUES (74, 2, 74, 74);
INSERT INTO `likes` (`id`, `like_type_id`, `user_id`, `to_id`) VALUES (75, 3, 75, 75);
INSERT INTO `likes` (`id`, `like_type_id`, `user_id`, `to_id`) VALUES (76, 1, 76, 76);
INSERT INTO `likes` (`id`, `like_type_id`, `user_id`, `to_id`) VALUES (77, 2, 77, 77);
INSERT INTO `likes` (`id`, `like_type_id`, `user_id`, `to_id`) VALUES (78, 3, 78, 78);
INSERT INTO `likes` (`id`, `like_type_id`, `user_id`, `to_id`) VALUES (79, 1, 79, 79);
INSERT INTO `likes` (`id`, `like_type_id`, `user_id`, `to_id`) VALUES (80, 2, 80, 80);
INSERT INTO `likes` (`id`, `like_type_id`, `user_id`, `to_id`) VALUES (81, 3, 81, 81);
INSERT INTO `likes` (`id`, `like_type_id`, `user_id`, `to_id`) VALUES (82, 1, 82, 82);
INSERT INTO `likes` (`id`, `like_type_id`, `user_id`, `to_id`) VALUES (83, 2, 83, 83);
INSERT INTO `likes` (`id`, `like_type_id`, `user_id`, `to_id`) VALUES (84, 3, 84, 84);
INSERT INTO `likes` (`id`, `like_type_id`, `user_id`, `to_id`) VALUES (85, 1, 85, 85);
INSERT INTO `likes` (`id`, `like_type_id`, `user_id`, `to_id`) VALUES (86, 2, 86, 86);
INSERT INTO `likes` (`id`, `like_type_id`, `user_id`, `to_id`) VALUES (87, 3, 87, 87);
INSERT INTO `likes` (`id`, `like_type_id`, `user_id`, `to_id`) VALUES (88, 1, 88, 88);
INSERT INTO `likes` (`id`, `like_type_id`, `user_id`, `to_id`) VALUES (89, 2, 89, 89);
INSERT INTO `likes` (`id`, `like_type_id`, `user_id`, `to_id`) VALUES (90, 3, 90, 90);
INSERT INTO `likes` (`id`, `like_type_id`, `user_id`, `to_id`) VALUES (91, 1, 91, 91);
INSERT INTO `likes` (`id`, `like_type_id`, `user_id`, `to_id`) VALUES (92, 2, 92, 92);
INSERT INTO `likes` (`id`, `like_type_id`, `user_id`, `to_id`) VALUES (93, 3, 93, 93);
INSERT INTO `likes` (`id`, `like_type_id`, `user_id`, `to_id`) VALUES (94, 1, 94, 94);
INSERT INTO `likes` (`id`, `like_type_id`, `user_id`, `to_id`) VALUES (95, 2, 95, 95);
INSERT INTO `likes` (`id`, `like_type_id`, `user_id`, `to_id`) VALUES (96, 3, 96, 96);
INSERT INTO `likes` (`id`, `like_type_id`, `user_id`, `to_id`) VALUES (97, 1, 97, 97);
INSERT INTO `likes` (`id`, `like_type_id`, `user_id`, `to_id`) VALUES (98, 2, 98, 98);
INSERT INTO `likes` (`id`, `like_type_id`, `user_id`, `to_id`) VALUES (99, 3, 99, 99);
INSERT INTO `likes` (`id`, `like_type_id`, `user_id`, `to_id`) VALUES (100, 1, 100, 100);


INSERT INTO `media` (`id`, `media_type_id`, `user_id`, `filename`, `size`, `metadata`, `created_at`, `updated_at`) VALUES (1, 1, 1, 'et', 0, '{}', '2013-03-26 05:29:22', '1989-06-23 18:15:07');
INSERT INTO `media` (`id`, `media_type_id`, `user_id`, `filename`, `size`, `metadata`, `created_at`, `updated_at`) VALUES (2, 2, 2, 'mollitia', 860296800, '{}', '2004-08-28 08:06:08', '1985-12-08 01:11:37');
INSERT INTO `media` (`id`, `media_type_id`, `user_id`, `filename`, `size`, `metadata`, `created_at`, `updated_at`) VALUES (3, 3, 3, 'ut', 57, '{}', '1973-01-29 06:50:41', '2006-06-17 20:50:47');
INSERT INTO `media` (`id`, `media_type_id`, `user_id`, `filename`, `size`, `metadata`, `created_at`, `updated_at`) VALUES (4, 4, 4, 'eos', 215373, '{}', '2005-05-01 22:21:08', '1988-08-04 06:53:13');
INSERT INTO `media` (`id`, `media_type_id`, `user_id`, `filename`, `size`, `metadata`, `created_at`, `updated_at`) VALUES (5, 5, 5, 'sed', 2304, '{}', '1992-07-18 18:22:28', '1996-06-02 10:30:47');
INSERT INTO `media` (`id`, `media_type_id`, `user_id`, `filename`, `size`, `metadata`, `created_at`, `updated_at`) VALUES (6, 1, 6, 'nobis', 5, '{}', '2010-02-18 13:10:29', '1991-08-02 00:43:27');
INSERT INTO `media` (`id`, `media_type_id`, `user_id`, `filename`, `size`, `metadata`, `created_at`, `updated_at`) VALUES (7, 2, 7, 'omnis', 64665510, '{}', '1996-02-07 01:27:55', '2015-05-17 19:01:38');
INSERT INTO `media` (`id`, `media_type_id`, `user_id`, `filename`, `size`, `metadata`, `created_at`, `updated_at`) VALUES (8, 3, 8, 'molestias', 0, '{}', '1999-07-27 15:34:53', '2000-12-03 05:18:04');
INSERT INTO `media` (`id`, `media_type_id`, `user_id`, `filename`, `size`, `metadata`, `created_at`, `updated_at`) VALUES (9, 4, 9, 'itaque', 0, '{}', '1999-10-31 00:40:19', '2018-04-06 11:33:59');
INSERT INTO `media` (`id`, `media_type_id`, `user_id`, `filename`, `size`, `metadata`, `created_at`, `updated_at`) VALUES (10, 5, 10, 'voluptatibus', 284061393, '{}', '2017-07-05 07:43:31', '2002-06-08 23:01:32');
INSERT INTO `media` (`id`, `media_type_id`, `user_id`, `filename`, `size`, `metadata`, `created_at`, `updated_at`) VALUES (11, 1, 11, 'laudantium', 44054070, '{}', '1999-05-17 13:30:48', '1996-06-22 11:46:45');
INSERT INTO `media` (`id`, `media_type_id`, `user_id`, `filename`, `size`, `metadata`, `created_at`, `updated_at`) VALUES (12, 2, 12, 'qui', 0, '{}', '2019-02-15 21:58:14', '2014-11-24 03:31:18');
INSERT INTO `media` (`id`, `media_type_id`, `user_id`, `filename`, `size`, `metadata`, `created_at`, `updated_at`) VALUES (13, 3, 13, 'et', 429, '{}', '2003-11-07 05:43:32', '1995-01-11 13:34:55');
INSERT INTO `media` (`id`, `media_type_id`, `user_id`, `filename`, `size`, `metadata`, `created_at`, `updated_at`) VALUES (14, 4, 14, 'cumque', 5, '{}', '2013-03-03 10:15:26', '2011-06-01 07:36:02');
INSERT INTO `media` (`id`, `media_type_id`, `user_id`, `filename`, `size`, `metadata`, `created_at`, `updated_at`) VALUES (15, 5, 15, 'velit', 28926, '{}', '1973-03-25 12:54:05', '1974-11-05 18:10:46');
INSERT INTO `media` (`id`, `media_type_id`, `user_id`, `filename`, `size`, `metadata`, `created_at`, `updated_at`) VALUES (16, 1, 16, 'voluptatem', 12903373, '{}', '1984-11-29 13:56:07', '2000-02-14 15:37:04');
INSERT INTO `media` (`id`, `media_type_id`, `user_id`, `filename`, `size`, `metadata`, `created_at`, `updated_at`) VALUES (17, 2, 17, 'expedita', 562252491, '{}', '1987-10-13 13:28:44', '2000-03-10 03:54:22');
INSERT INTO `media` (`id`, `media_type_id`, `user_id`, `filename`, `size`, `metadata`, `created_at`, `updated_at`) VALUES (18, 3, 18, 'reiciendis', 569164, '{}', '1971-11-13 11:36:42', '2008-02-07 14:21:45');
INSERT INTO `media` (`id`, `media_type_id`, `user_id`, `filename`, `size`, `metadata`, `created_at`, `updated_at`) VALUES (19, 4, 19, 'est', 5, '{}', '2018-06-07 08:34:43', '1973-06-12 11:47:37');
INSERT INTO `media` (`id`, `media_type_id`, `user_id`, `filename`, `size`, `metadata`, `created_at`, `updated_at`) VALUES (20, 5, 20, 'quia', 482809, '{}', '2007-09-09 08:12:55', '1978-07-11 21:31:49');
INSERT INTO `media` (`id`, `media_type_id`, `user_id`, `filename`, `size`, `metadata`, `created_at`, `updated_at`) VALUES (21, 1, 21, 'optio', 0, '{}', '2018-05-06 00:33:59', '2013-05-24 15:33:34');
INSERT INTO `media` (`id`, `media_type_id`, `user_id`, `filename`, `size`, `metadata`, `created_at`, `updated_at`) VALUES (22, 2, 22, 'at', 20, '{}', '1979-06-13 00:16:29', '2013-09-20 03:43:42');
INSERT INTO `media` (`id`, `media_type_id`, `user_id`, `filename`, `size`, `metadata`, `created_at`, `updated_at`) VALUES (23, 3, 23, 'doloremque', 6919990, '{}', '1994-09-05 13:49:45', '2016-12-10 00:44:06');
INSERT INTO `media` (`id`, `media_type_id`, `user_id`, `filename`, `size`, `metadata`, `created_at`, `updated_at`) VALUES (24, 4, 24, 'ex', 321564579, '{}', '1984-08-04 14:46:01', '1985-01-23 09:06:34');
INSERT INTO `media` (`id`, `media_type_id`, `user_id`, `filename`, `size`, `metadata`, `created_at`, `updated_at`) VALUES (25, 5, 25, 'eum', 75940008, '{}', '2008-08-23 22:24:31', '2001-04-25 16:15:54');
INSERT INTO `media` (`id`, `media_type_id`, `user_id`, `filename`, `size`, `metadata`, `created_at`, `updated_at`) VALUES (26, 1, 26, 'numquam', 60, '{}', '1980-12-24 12:10:51', '1985-07-30 15:15:42');
INSERT INTO `media` (`id`, `media_type_id`, `user_id`, `filename`, `size`, `metadata`, `created_at`, `updated_at`) VALUES (27, 2, 27, 'nostrum', 9, '{}', '1996-05-02 01:41:47', '1984-01-24 05:53:51');
INSERT INTO `media` (`id`, `media_type_id`, `user_id`, `filename`, `size`, `metadata`, `created_at`, `updated_at`) VALUES (28, 3, 28, 'ipsam', 68265, '{}', '1970-11-28 09:20:55', '2015-04-03 19:54:23');
INSERT INTO `media` (`id`, `media_type_id`, `user_id`, `filename`, `size`, `metadata`, `created_at`, `updated_at`) VALUES (29, 4, 29, 'nulla', 677, '{}', '2008-01-04 05:24:28', '1980-09-10 08:54:06');
INSERT INTO `media` (`id`, `media_type_id`, `user_id`, `filename`, `size`, `metadata`, `created_at`, `updated_at`) VALUES (30, 5, 30, 'in', 415967868, '{}', '1973-12-06 02:51:55', '1973-03-02 17:34:10');
INSERT INTO `media` (`id`, `media_type_id`, `user_id`, `filename`, `size`, `metadata`, `created_at`, `updated_at`) VALUES (31, 1, 31, 'tenetur', 533446, '{}', '1974-10-09 02:52:42', '2019-10-17 20:10:10');
INSERT INTO `media` (`id`, `media_type_id`, `user_id`, `filename`, `size`, `metadata`, `created_at`, `updated_at`) VALUES (32, 2, 32, 'quis', 8, '{}', '2015-11-24 22:32:17', '2003-08-20 06:49:35');
INSERT INTO `media` (`id`, `media_type_id`, `user_id`, `filename`, `size`, `metadata`, `created_at`, `updated_at`) VALUES (33, 3, 33, 'ad', 0, '{}', '1974-02-19 13:10:44', '2014-07-10 01:12:12');
INSERT INTO `media` (`id`, `media_type_id`, `user_id`, `filename`, `size`, `metadata`, `created_at`, `updated_at`) VALUES (34, 4, 34, 'in', 168, '{}', '1977-07-25 04:14:11', '2014-02-08 23:08:24');
INSERT INTO `media` (`id`, `media_type_id`, `user_id`, `filename`, `size`, `metadata`, `created_at`, `updated_at`) VALUES (35, 5, 35, 'animi', 70342500, '{}', '2007-06-14 16:26:17', '2016-04-01 01:53:50');
INSERT INTO `media` (`id`, `media_type_id`, `user_id`, `filename`, `size`, `metadata`, `created_at`, `updated_at`) VALUES (36, 1, 36, 'sint', 21, '{}', '2013-04-01 06:40:54', '1997-01-31 11:41:47');
INSERT INTO `media` (`id`, `media_type_id`, `user_id`, `filename`, `size`, `metadata`, `created_at`, `updated_at`) VALUES (37, 2, 37, 'ad', 2505, '{}', '1994-07-13 03:40:14', '1974-09-30 12:03:05');
INSERT INTO `media` (`id`, `media_type_id`, `user_id`, `filename`, `size`, `metadata`, `created_at`, `updated_at`) VALUES (38, 3, 38, 'consequatur', 15489, '{}', '1998-04-08 06:38:54', '2018-10-10 20:06:50');
INSERT INTO `media` (`id`, `media_type_id`, `user_id`, `filename`, `size`, `metadata`, `created_at`, `updated_at`) VALUES (39, 4, 39, 'et', 705442092, '{}', '2018-03-01 10:43:00', '2017-02-22 12:00:31');
INSERT INTO `media` (`id`, `media_type_id`, `user_id`, `filename`, `size`, `metadata`, `created_at`, `updated_at`) VALUES (40, 5, 40, 'perspiciatis', 257956103, '{}', '1988-12-11 10:19:57', '2011-03-09 21:00:14');
INSERT INTO `media` (`id`, `media_type_id`, `user_id`, `filename`, `size`, `metadata`, `created_at`, `updated_at`) VALUES (41, 1, 41, 'laborum', 1, '{}', '2015-08-18 09:21:04', '1977-09-24 20:40:55');
INSERT INTO `media` (`id`, `media_type_id`, `user_id`, `filename`, `size`, `metadata`, `created_at`, `updated_at`) VALUES (42, 2, 42, 'itaque', 451640, '{}', '2008-05-20 07:04:08', '1975-01-08 17:26:04');
INSERT INTO `media` (`id`, `media_type_id`, `user_id`, `filename`, `size`, `metadata`, `created_at`, `updated_at`) VALUES (43, 3, 43, 'error', 1, '{}', '1998-05-17 21:28:56', '1980-05-19 13:57:57');
INSERT INTO `media` (`id`, `media_type_id`, `user_id`, `filename`, `size`, `metadata`, `created_at`, `updated_at`) VALUES (44, 4, 44, 'explicabo', 2187, '{}', '2000-01-13 18:15:50', '1993-09-24 14:05:17');
INSERT INTO `media` (`id`, `media_type_id`, `user_id`, `filename`, `size`, `metadata`, `created_at`, `updated_at`) VALUES (45, 5, 45, 'sunt', 950, '{}', '1982-11-27 13:56:33', '2004-08-09 21:45:25');
INSERT INTO `media` (`id`, `media_type_id`, `user_id`, `filename`, `size`, `metadata`, `created_at`, `updated_at`) VALUES (46, 1, 46, 'est', 7520, '{}', '1983-03-28 04:11:37', '2018-05-10 02:22:10');
INSERT INTO `media` (`id`, `media_type_id`, `user_id`, `filename`, `size`, `metadata`, `created_at`, `updated_at`) VALUES (47, 2, 47, 'voluptatum', 3, '{}', '2011-01-29 08:54:13', '2010-02-15 11:27:39');
INSERT INTO `media` (`id`, `media_type_id`, `user_id`, `filename`, `size`, `metadata`, `created_at`, `updated_at`) VALUES (48, 3, 48, 'nostrum', 96, '{}', '1975-02-11 07:35:50', '2014-05-20 17:40:42');
INSERT INTO `media` (`id`, `media_type_id`, `user_id`, `filename`, `size`, `metadata`, `created_at`, `updated_at`) VALUES (49, 4, 49, 'voluptas', 184645, '{}', '2015-03-21 17:19:28', '2001-12-26 02:48:13');
INSERT INTO `media` (`id`, `media_type_id`, `user_id`, `filename`, `size`, `metadata`, `created_at`, `updated_at`) VALUES (50, 5, 50, 'aut', 0, '{}', '1980-01-01 07:18:54', '2008-09-12 07:23:01');
INSERT INTO `media` (`id`, `media_type_id`, `user_id`, `filename`, `size`, `metadata`, `created_at`, `updated_at`) VALUES (51, 1, 51, 'unde', 200, '{}', '2012-04-26 23:33:17', '2009-11-17 23:11:00');
INSERT INTO `media` (`id`, `media_type_id`, `user_id`, `filename`, `size`, `metadata`, `created_at`, `updated_at`) VALUES (52, 2, 52, 'reiciendis', 9, '{}', '1978-04-08 23:30:55', '1987-05-28 22:43:37');
INSERT INTO `media` (`id`, `media_type_id`, `user_id`, `filename`, `size`, `metadata`, `created_at`, `updated_at`) VALUES (53, 3, 53, 'doloribus', 881, '{}', '1991-10-13 18:49:44', '2006-07-04 22:05:57');
INSERT INTO `media` (`id`, `media_type_id`, `user_id`, `filename`, `size`, `metadata`, `created_at`, `updated_at`) VALUES (54, 4, 54, 'voluptates', 32, '{}', '2019-02-02 19:11:58', '1974-05-02 04:21:44');
INSERT INTO `media` (`id`, `media_type_id`, `user_id`, `filename`, `size`, `metadata`, `created_at`, `updated_at`) VALUES (55, 5, 55, 'eaque', 0, '{}', '1994-08-07 07:48:15', '2012-06-11 16:30:37');
INSERT INTO `media` (`id`, `media_type_id`, `user_id`, `filename`, `size`, `metadata`, `created_at`, `updated_at`) VALUES (56, 1, 56, 'eos', 16826193, '{}', '2010-12-06 22:44:59', '1971-03-16 16:11:09');
INSERT INTO `media` (`id`, `media_type_id`, `user_id`, `filename`, `size`, `metadata`, `created_at`, `updated_at`) VALUES (57, 2, 57, 'sit', 63, '{}', '1990-07-29 18:37:09', '1993-05-03 01:35:01');
INSERT INTO `media` (`id`, `media_type_id`, `user_id`, `filename`, `size`, `metadata`, `created_at`, `updated_at`) VALUES (58, 3, 58, 'molestiae', 0, '{}', '1984-04-08 07:45:45', '2015-01-02 18:21:40');
INSERT INTO `media` (`id`, `media_type_id`, `user_id`, `filename`, `size`, `metadata`, `created_at`, `updated_at`) VALUES (59, 4, 59, 'ea', 54719, '{}', '2013-04-20 03:47:32', '2010-10-21 12:24:01');
INSERT INTO `media` (`id`, `media_type_id`, `user_id`, `filename`, `size`, `metadata`, `created_at`, `updated_at`) VALUES (60, 5, 60, 'aspernatur', 8491093, '{}', '2003-09-12 07:49:40', '1996-11-30 19:39:04');
INSERT INTO `media` (`id`, `media_type_id`, `user_id`, `filename`, `size`, `metadata`, `created_at`, `updated_at`) VALUES (61, 1, 61, 'possimus', 81, '{}', '1987-09-15 08:22:31', '1980-03-24 01:41:02');
INSERT INTO `media` (`id`, `media_type_id`, `user_id`, `filename`, `size`, `metadata`, `created_at`, `updated_at`) VALUES (62, 2, 62, 'nobis', 685, '{}', '2019-05-23 14:25:19', '2017-04-20 20:21:07');
INSERT INTO `media` (`id`, `media_type_id`, `user_id`, `filename`, `size`, `metadata`, `created_at`, `updated_at`) VALUES (63, 3, 63, 'nulla', 300756, '{}', '2006-02-27 06:57:15', '1988-10-15 11:21:18');
INSERT INTO `media` (`id`, `media_type_id`, `user_id`, `filename`, `size`, `metadata`, `created_at`, `updated_at`) VALUES (64, 4, 64, 'alias', 45904, '{}', '2008-10-04 19:03:11', '1989-03-29 13:36:43');
INSERT INTO `media` (`id`, `media_type_id`, `user_id`, `filename`, `size`, `metadata`, `created_at`, `updated_at`) VALUES (65, 5, 65, 'temporibus', 8883862, '{}', '1983-03-15 07:35:04', '2018-05-05 10:55:56');
INSERT INTO `media` (`id`, `media_type_id`, `user_id`, `filename`, `size`, `metadata`, `created_at`, `updated_at`) VALUES (66, 1, 66, 'aperiam', 35621959, '{}', '1977-01-30 02:15:31', '1973-10-05 14:14:41');
INSERT INTO `media` (`id`, `media_type_id`, `user_id`, `filename`, `size`, `metadata`, `created_at`, `updated_at`) VALUES (67, 2, 67, 'non', 30944576, '{}', '1977-12-17 17:25:02', '1977-08-29 02:26:46');
INSERT INTO `media` (`id`, `media_type_id`, `user_id`, `filename`, `size`, `metadata`, `created_at`, `updated_at`) VALUES (68, 3, 68, 'minus', 5767700, '{}', '1992-01-16 17:29:22', '1977-12-05 08:33:03');
INSERT INTO `media` (`id`, `media_type_id`, `user_id`, `filename`, `size`, `metadata`, `created_at`, `updated_at`) VALUES (69, 4, 69, 'autem', 424155, '{}', '1977-03-18 17:44:34', '2015-05-25 12:16:43');
INSERT INTO `media` (`id`, `media_type_id`, `user_id`, `filename`, `size`, `metadata`, `created_at`, `updated_at`) VALUES (70, 5, 70, 'est', 1, '{}', '1982-07-03 01:16:55', '2000-08-21 20:14:45');
INSERT INTO `media` (`id`, `media_type_id`, `user_id`, `filename`, `size`, `metadata`, `created_at`, `updated_at`) VALUES (71, 1, 71, 'soluta', 0, '{}', '1989-03-29 11:42:09', '1981-04-18 09:41:15');
INSERT INTO `media` (`id`, `media_type_id`, `user_id`, `filename`, `size`, `metadata`, `created_at`, `updated_at`) VALUES (72, 2, 72, 'sed', 8, '{}', '1992-07-09 06:22:20', '2016-10-24 10:23:18');
INSERT INTO `media` (`id`, `media_type_id`, `user_id`, `filename`, `size`, `metadata`, `created_at`, `updated_at`) VALUES (73, 3, 73, 'nisi', 21940817, '{}', '2007-06-23 06:53:59', '2001-04-16 05:32:31');
INSERT INTO `media` (`id`, `media_type_id`, `user_id`, `filename`, `size`, `metadata`, `created_at`, `updated_at`) VALUES (74, 4, 74, 'voluptatibus', 4272097, '{}', '1990-04-16 02:56:52', '1989-08-06 05:54:12');
INSERT INTO `media` (`id`, `media_type_id`, `user_id`, `filename`, `size`, `metadata`, `created_at`, `updated_at`) VALUES (75, 5, 75, 'quod', 5008587, '{}', '2011-02-24 15:00:45', '1986-07-08 08:12:37');
INSERT INTO `media` (`id`, `media_type_id`, `user_id`, `filename`, `size`, `metadata`, `created_at`, `updated_at`) VALUES (76, 1, 76, 'vel', 9962, '{}', '1982-07-05 19:40:43', '1989-04-15 20:16:08');
INSERT INTO `media` (`id`, `media_type_id`, `user_id`, `filename`, `size`, `metadata`, `created_at`, `updated_at`) VALUES (77, 2, 77, 'voluptatem', 4941978, '{}', '2001-07-29 09:09:24', '1992-08-04 09:01:11');
INSERT INTO `media` (`id`, `media_type_id`, `user_id`, `filename`, `size`, `metadata`, `created_at`, `updated_at`) VALUES (78, 3, 78, 'distinctio', 329674, '{}', '1987-03-17 11:10:24', '1970-12-17 21:18:07');
INSERT INTO `media` (`id`, `media_type_id`, `user_id`, `filename`, `size`, `metadata`, `created_at`, `updated_at`) VALUES (79, 4, 79, 'dignissimos', 513, '{}', '1998-09-01 00:41:49', '1982-08-07 00:53:40');
INSERT INTO `media` (`id`, `media_type_id`, `user_id`, `filename`, `size`, `metadata`, `created_at`, `updated_at`) VALUES (80, 5, 80, 'velit', 7, '{}', '1992-05-31 03:53:00', '2011-04-29 01:50:12');
INSERT INTO `media` (`id`, `media_type_id`, `user_id`, `filename`, `size`, `metadata`, `created_at`, `updated_at`) VALUES (81, 1, 81, 'similique', 77775, '{}', '2011-05-06 03:46:58', '2004-10-29 08:25:17');
INSERT INTO `media` (`id`, `media_type_id`, `user_id`, `filename`, `size`, `metadata`, `created_at`, `updated_at`) VALUES (82, 2, 82, 'sapiente', 273217, '{}', '1987-08-28 23:03:05', '1996-10-01 15:31:56');
INSERT INTO `media` (`id`, `media_type_id`, `user_id`, `filename`, `size`, `metadata`, `created_at`, `updated_at`) VALUES (83, 3, 83, 'distinctio', 30657255, '{}', '1991-02-09 19:55:26', '2002-11-12 15:59:05');
INSERT INTO `media` (`id`, `media_type_id`, `user_id`, `filename`, `size`, `metadata`, `created_at`, `updated_at`) VALUES (84, 4, 84, 'officiis', 3413, '{}', '2008-11-14 15:26:13', '1996-07-19 10:36:19');
INSERT INTO `media` (`id`, `media_type_id`, `user_id`, `filename`, `size`, `metadata`, `created_at`, `updated_at`) VALUES (85, 5, 85, 'in', 7998, '{}', '2011-04-25 01:20:37', '1985-03-27 14:22:24');
INSERT INTO `media` (`id`, `media_type_id`, `user_id`, `filename`, `size`, `metadata`, `created_at`, `updated_at`) VALUES (86, 1, 86, 'consectetur', 862, '{}', '1978-09-25 17:53:36', '1974-02-06 05:59:05');
INSERT INTO `media` (`id`, `media_type_id`, `user_id`, `filename`, `size`, `metadata`, `created_at`, `updated_at`) VALUES (87, 2, 87, 'molestias', 28, '{}', '1990-07-16 17:49:40', '1983-06-22 01:43:13');
INSERT INTO `media` (`id`, `media_type_id`, `user_id`, `filename`, `size`, `metadata`, `created_at`, `updated_at`) VALUES (88, 3, 88, 'molestias', 675, '{}', '1983-02-04 05:55:12', '2006-06-12 07:18:37');
INSERT INTO `media` (`id`, `media_type_id`, `user_id`, `filename`, `size`, `metadata`, `created_at`, `updated_at`) VALUES (89, 4, 89, 'ipsa', 481638098, '{}', '2012-11-18 20:16:17', '1991-05-11 05:32:34');
INSERT INTO `media` (`id`, `media_type_id`, `user_id`, `filename`, `size`, `metadata`, `created_at`, `updated_at`) VALUES (90, 5, 90, 'non', 93, '{}', '2003-01-15 12:45:24', '2010-10-14 09:05:58');
INSERT INTO `media` (`id`, `media_type_id`, `user_id`, `filename`, `size`, `metadata`, `created_at`, `updated_at`) VALUES (91, 1, 91, 'harum', 77753, '{}', '1991-09-16 14:31:49', '1994-10-31 12:45:22');
INSERT INTO `media` (`id`, `media_type_id`, `user_id`, `filename`, `size`, `metadata`, `created_at`, `updated_at`) VALUES (92, 2, 92, 'distinctio', 18882, '{}', '1985-11-23 06:33:50', '1989-08-22 04:06:19');
INSERT INTO `media` (`id`, `media_type_id`, `user_id`, `filename`, `size`, `metadata`, `created_at`, `updated_at`) VALUES (93, 3, 93, 'sed', 476, '{}', '1983-02-07 22:34:29', '1981-06-02 23:06:27');
INSERT INTO `media` (`id`, `media_type_id`, `user_id`, `filename`, `size`, `metadata`, `created_at`, `updated_at`) VALUES (94, 4, 94, 'quo', 90, '{}', '1997-09-02 14:39:24', '1997-02-25 07:08:33');
INSERT INTO `media` (`id`, `media_type_id`, `user_id`, `filename`, `size`, `metadata`, `created_at`, `updated_at`) VALUES (95, 5, 95, 'earum', 1, '{}', '2001-11-24 15:17:19', '1973-09-29 18:02:54');
INSERT INTO `media` (`id`, `media_type_id`, `user_id`, `filename`, `size`, `metadata`, `created_at`, `updated_at`) VALUES (96, 1, 96, 'incidunt', 301850, '{}', '1971-06-23 10:37:44', '2006-12-23 20:07:28');
INSERT INTO `media` (`id`, `media_type_id`, `user_id`, `filename`, `size`, `metadata`, `created_at`, `updated_at`) VALUES (97, 2, 97, 'est', 14, '{}', '1980-02-26 19:34:53', '2015-09-01 07:28:34');
INSERT INTO `media` (`id`, `media_type_id`, `user_id`, `filename`, `size`, `metadata`, `created_at`, `updated_at`) VALUES (98, 3, 98, 'praesentium', 2673, '{}', '1997-11-26 03:41:38', '1984-11-19 06:59:39');
INSERT INTO `media` (`id`, `media_type_id`, `user_id`, `filename`, `size`, `metadata`, `created_at`, `updated_at`) VALUES (99, 4, 99, 'libero', 15777, '{}', '2001-01-04 10:49:47', '2004-11-26 23:40:56');
INSERT INTO `media` (`id`, `media_type_id`, `user_id`, `filename`, `size`, `metadata`, `created_at`, `updated_at`) VALUES (100, 5, 100, 'est', 60157, '{}', '1996-01-31 00:58:13', '1972-06-24 10:29:13');



INSERT INTO `media_types` (`id`, `name`) VALUES (3, 'consequatur');
INSERT INTO `media_types` (`id`, `name`) VALUES (5, 'eaque');
INSERT INTO `media_types` (`id`, `name`) VALUES (4, 'maxime');
INSERT INTO `media_types` (`id`, `name`) VALUES (1, 'non');
INSERT INTO `media_types` (`id`, `name`) VALUES (2, 'ut');


INSERT INTO `messages` (`id`, `from_user_id`, `to_user_id`, `body`, `is_important`, `is_delivered`, `created_at`) VALUES (1, 1, 1, 'Sed impedit qui id quidem et deleniti adipisci. Minus soluta illum dolor corporis. Aliquam illo ut consequuntur sed.', 0, 1, '1989-08-15 13:47:55');
INSERT INTO `messages` (`id`, `from_user_id`, `to_user_id`, `body`, `is_important`, `is_delivered`, `created_at`) VALUES (2, 2, 2, 'Harum qui id ex qui quae rerum sapiente. Excepturi laboriosam in repudiandae rerum. Qui ex quibusdam ullam necessitatibus non dolorem unde. Id consequatur tempora occaecati quisquam possimus voluptatum cum.', 0, 1, '1990-04-17 06:15:59');
INSERT INTO `messages` (`id`, `from_user_id`, `to_user_id`, `body`, `is_important`, `is_delivered`, `created_at`) VALUES (3, 3, 3, 'Rerum explicabo qui fuga delectus libero. Totam velit rerum atque. Laudantium placeat eveniet sapiente assumenda. Dolore omnis sapiente atque iure voluptas eius exercitationem.', 1, 0, '1986-10-20 10:01:26');
INSERT INTO `messages` (`id`, `from_user_id`, `to_user_id`, `body`, `is_important`, `is_delivered`, `created_at`) VALUES (4, 4, 4, 'Est modi aut quos asperiores. Dolores quia ab nam vero. Doloremque ipsum illo accusantium quia eveniet laborum aut.', 0, 0, '2014-08-27 07:01:23');
INSERT INTO `messages` (`id`, `from_user_id`, `to_user_id`, `body`, `is_important`, `is_delivered`, `created_at`) VALUES (5, 5, 5, 'Nisi placeat suscipit recusandae vel aut aperiam. Eum nostrum rem et necessitatibus. Omnis omnis ut omnis et aut.', 0, 0, '2008-12-20 11:01:11');
INSERT INTO `messages` (`id`, `from_user_id`, `to_user_id`, `body`, `is_important`, `is_delivered`, `created_at`) VALUES (6, 6, 6, 'Facere ut similique officia et temporibus recusandae aut. Sint totam ex asperiores nihil aut. Fuga culpa placeat est et voluptatem sequi.', 1, 0, '1981-09-07 13:33:54');
INSERT INTO `messages` (`id`, `from_user_id`, `to_user_id`, `body`, `is_important`, `is_delivered`, `created_at`) VALUES (7, 7, 7, 'Beatae ut fuga qui facere. Id velit et perferendis dolore porro consectetur aut. Qui error dolore velit.', 0, 1, '1983-02-25 07:22:32');
INSERT INTO `messages` (`id`, `from_user_id`, `to_user_id`, `body`, `is_important`, `is_delivered`, `created_at`) VALUES (8, 8, 8, 'Maxime inventore odio suscipit voluptas delectus. Facilis sunt aut ratione asperiores esse autem sed. Porro deserunt atque incidunt.', 0, 1, '1972-11-16 08:03:36');
INSERT INTO `messages` (`id`, `from_user_id`, `to_user_id`, `body`, `is_important`, `is_delivered`, `created_at`) VALUES (9, 9, 9, 'Rerum ut doloribus et nostrum esse corrupti. Reiciendis deleniti ullam error quisquam animi deleniti id eveniet. Quasi a est labore dicta officia iusto vero.', 1, 0, '2014-11-19 01:43:49');
INSERT INTO `messages` (`id`, `from_user_id`, `to_user_id`, `body`, `is_important`, `is_delivered`, `created_at`) VALUES (10, 10, 10, 'Harum neque velit perferendis. Id vel vero dicta aliquid iusto. Iste tenetur ut reprehenderit accusantium libero reiciendis.', 0, 1, '1980-06-08 16:02:59');
INSERT INTO `messages` (`id`, `from_user_id`, `to_user_id`, `body`, `is_important`, `is_delivered`, `created_at`) VALUES (11, 11, 11, 'Beatae occaecati temporibus quidem iure reiciendis. Error hic non reprehenderit facilis iste repellat ex praesentium. Necessitatibus cumque dolorem officiis dolore. Dolores voluptatum aperiam quia atque.', 0, 0, '1983-02-14 09:45:27');
INSERT INTO `messages` (`id`, `from_user_id`, `to_user_id`, `body`, `is_important`, `is_delivered`, `created_at`) VALUES (12, 12, 12, 'Et veritatis omnis nihil similique nulla. Non sint voluptatum error consequuntur iure natus. Id aliquid eveniet voluptatem sit autem.', 0, 1, '1981-06-10 20:13:29');
INSERT INTO `messages` (`id`, `from_user_id`, `to_user_id`, `body`, `is_important`, `is_delivered`, `created_at`) VALUES (13, 13, 13, 'Nostrum expedita velit facere itaque voluptates cumque minima consequatur. Est qui voluptatem error nam. Dolor iste rerum et et quis voluptatem consectetur. Aperiam velit asperiores ex.', 1, 1, '1970-11-29 10:59:36');
INSERT INTO `messages` (`id`, `from_user_id`, `to_user_id`, `body`, `is_important`, `is_delivered`, `created_at`) VALUES (14, 14, 14, 'Aut ut omnis cumque nisi dignissimos. Possimus iure provident dolorem non. Natus asperiores ad in aut maxime.', 1, 0, '1998-09-26 19:54:16');
INSERT INTO `messages` (`id`, `from_user_id`, `to_user_id`, `body`, `is_important`, `is_delivered`, `created_at`) VALUES (15, 15, 15, 'Dolor id eum vero et. Consequuntur qui inventore doloremque magnam et.', 0, 1, '1998-08-07 15:23:24');
INSERT INTO `messages` (`id`, `from_user_id`, `to_user_id`, `body`, `is_important`, `is_delivered`, `created_at`) VALUES (16, 16, 16, 'Praesentium deserunt repellendus id aut saepe atque eligendi reprehenderit. Quisquam tempora deserunt deleniti. Modi qui molestiae natus odio velit. Perspiciatis unde molestiae nulla enim.', 1, 0, '2006-02-07 03:24:56');
INSERT INTO `messages` (`id`, `from_user_id`, `to_user_id`, `body`, `is_important`, `is_delivered`, `created_at`) VALUES (17, 17, 17, 'Voluptas nam libero ut. Sunt provident dolor commodi nemo sint nobis. Magnam autem officiis et deleniti. At aut et quo est at.', 0, 0, '2017-12-30 22:17:45');
INSERT INTO `messages` (`id`, `from_user_id`, `to_user_id`, `body`, `is_important`, `is_delivered`, `created_at`) VALUES (18, 18, 18, 'Amet reprehenderit corrupti expedita ipsum ipsam veritatis. Eos fugit numquam saepe rem. Fugit ipsum quasi amet recusandae. Sint tempora maxime et voluptas atque architecto.', 1, 1, '2004-10-25 23:15:16');
INSERT INTO `messages` (`id`, `from_user_id`, `to_user_id`, `body`, `is_important`, `is_delivered`, `created_at`) VALUES (19, 19, 19, 'Omnis id voluptatem dolorum repellendus cumque iste. Vero molestias temporibus ducimus et. Itaque aliquid quo est. Veritatis aut fugiat perferendis harum.', 1, 1, '1978-05-12 19:46:05');
INSERT INTO `messages` (`id`, `from_user_id`, `to_user_id`, `body`, `is_important`, `is_delivered`, `created_at`) VALUES (20, 20, 20, 'Dolorem quo qui quidem eos sequi. Consequatur quia ipsa accusantium excepturi veritatis consequatur. Possimus enim vero perspiciatis ullam quidem autem.', 0, 1, '2019-08-05 07:19:24');
INSERT INTO `messages` (`id`, `from_user_id`, `to_user_id`, `body`, `is_important`, `is_delivered`, `created_at`) VALUES (21, 21, 21, 'Quasi voluptas dolor voluptates dignissimos earum est. Quas et et quas non nisi explicabo animi. Ut eos voluptatum voluptates veniam sit incidunt aut. Nobis voluptatem ut quam inventore.', 0, 1, '2011-12-02 22:57:19');
INSERT INTO `messages` (`id`, `from_user_id`, `to_user_id`, `body`, `is_important`, `is_delivered`, `created_at`) VALUES (22, 22, 22, 'Aut ullam nihil cumque veniam nam sunt. Dolor ea molestias voluptatem ut impedit. Officia assumenda dolore expedita impedit corrupti necessitatibus. Repellendus quis minus voluptas.', 0, 1, '1980-04-02 10:37:06');
INSERT INTO `messages` (`id`, `from_user_id`, `to_user_id`, `body`, `is_important`, `is_delivered`, `created_at`) VALUES (23, 23, 23, 'Et incidunt et ut deleniti eveniet in autem. Expedita voluptatum quis animi itaque ipsa et sit. Ratione ea explicabo repellendus voluptatem. Totam voluptatem laborum explicabo sed quas cumque.', 1, 0, '1994-09-01 19:47:50');
INSERT INTO `messages` (`id`, `from_user_id`, `to_user_id`, `body`, `is_important`, `is_delivered`, `created_at`) VALUES (24, 24, 24, 'Modi ut vel possimus neque adipisci. Assumenda rem magnam voluptas voluptatum ducimus ipsam aut aut. Laudantium rerum est ut illo ipsum aliquam est atque. Illum molestiae quia dolor deserunt quaerat.', 1, 1, '2002-08-02 21:00:30');
INSERT INTO `messages` (`id`, `from_user_id`, `to_user_id`, `body`, `is_important`, `is_delivered`, `created_at`) VALUES (25, 25, 25, 'Id blanditiis sint aut illo accusantium aut. Qui et veritatis facilis ex voluptas voluptatum. Est ut voluptate quae nostrum et sunt quam.', 1, 1, '2006-08-25 06:28:45');
INSERT INTO `messages` (`id`, `from_user_id`, `to_user_id`, `body`, `is_important`, `is_delivered`, `created_at`) VALUES (26, 26, 26, 'Porro rerum fugiat tempora consequatur qui. Blanditiis aliquid explicabo molestiae eaque quia. Voluptatem natus provident ad id qui numquam.', 1, 1, '1974-03-09 03:50:39');
INSERT INTO `messages` (`id`, `from_user_id`, `to_user_id`, `body`, `is_important`, `is_delivered`, `created_at`) VALUES (27, 27, 27, 'Voluptas necessitatibus vitae deserunt qui placeat quis. Voluptatem ad velit sint.', 1, 1, '2016-11-09 03:10:09');
INSERT INTO `messages` (`id`, `from_user_id`, `to_user_id`, `body`, `is_important`, `is_delivered`, `created_at`) VALUES (28, 28, 28, 'Ut quisquam reiciendis omnis id. Illum quas ut consectetur nesciunt non corrupti. Reiciendis blanditiis eius quidem. Soluta molestias voluptas libero repellat ut et consequuntur.', 0, 1, '2010-01-10 07:48:18');
INSERT INTO `messages` (`id`, `from_user_id`, `to_user_id`, `body`, `is_important`, `is_delivered`, `created_at`) VALUES (29, 29, 29, 'Vitae ad quae et nobis. Voluptatibus est officia aut accusamus. Expedita molestias officiis eum quis non quas.', 0, 1, '1978-11-22 05:26:05');
INSERT INTO `messages` (`id`, `from_user_id`, `to_user_id`, `body`, `is_important`, `is_delivered`, `created_at`) VALUES (30, 30, 30, 'Perferendis voluptas exercitationem sit tenetur. Molestiae ipsum voluptatem quia dignissimos molestiae perspiciatis quia. Commodi at rerum dolores rerum.', 0, 1, '1998-10-11 10:00:13');
INSERT INTO `messages` (`id`, `from_user_id`, `to_user_id`, `body`, `is_important`, `is_delivered`, `created_at`) VALUES (31, 31, 31, 'Quis maiores eveniet repellat quos ea. Facere voluptates id quas quam. Ea ut dolores eum modi cupiditate. Id dolorem et id aut saepe similique aut perferendis. Perferendis perferendis eius cumque eligendi voluptas.', 1, 1, '1991-07-19 20:41:49');
INSERT INTO `messages` (`id`, `from_user_id`, `to_user_id`, `body`, `is_important`, `is_delivered`, `created_at`) VALUES (32, 32, 32, 'Magni distinctio ut accusantium culpa sunt. Nihil totam qui officia rerum. Alias animi aut ipsa cum minima possimus. Numquam aliquid sunt reprehenderit autem rem eius optio ab. Saepe aliquam dolores in non.', 1, 1, '1991-04-25 11:47:23');
INSERT INTO `messages` (`id`, `from_user_id`, `to_user_id`, `body`, `is_important`, `is_delivered`, `created_at`) VALUES (33, 33, 33, 'Est quia doloremque aliquam quo. Accusantium voluptatibus ipsum voluptate ipsum. Qui suscipit sint est ex. Vero ad ut iusto dolores eos.', 0, 1, '1984-12-12 23:36:28');
INSERT INTO `messages` (`id`, `from_user_id`, `to_user_id`, `body`, `is_important`, `is_delivered`, `created_at`) VALUES (34, 34, 34, 'Molestiae error in amet placeat et repellat et. Est et nobis nemo incidunt. Velit magni nam dignissimos ad. Dolorem corrupti et doloribus consequatur. Repellat et aut eius nostrum et voluptate molestias saepe.', 0, 0, '2004-09-09 12:01:51');
INSERT INTO `messages` (`id`, `from_user_id`, `to_user_id`, `body`, `is_important`, `is_delivered`, `created_at`) VALUES (35, 35, 35, 'Aut qui nisi rerum expedita modi cumque. Assumenda inventore reprehenderit nulla at. Adipisci repudiandae iste consequatur occaecati. Distinctio ut fugit atque quibusdam consequuntur eligendi dicta.', 0, 1, '2002-11-25 04:12:59');
INSERT INTO `messages` (`id`, `from_user_id`, `to_user_id`, `body`, `is_important`, `is_delivered`, `created_at`) VALUES (36, 36, 36, 'Rerum suscipit et quidem dolor sint quod velit. Reprehenderit consectetur tempora culpa facilis.', 1, 1, '2009-08-14 17:21:00');
INSERT INTO `messages` (`id`, `from_user_id`, `to_user_id`, `body`, `is_important`, `is_delivered`, `created_at`) VALUES (37, 37, 37, 'Aut autem vitae voluptates temporibus debitis cupiditate rerum. Placeat harum dolor esse molestiae. Cum modi qui culpa rerum aut aliquid laudantium.', 1, 1, '2014-03-08 01:25:42');
INSERT INTO `messages` (`id`, `from_user_id`, `to_user_id`, `body`, `is_important`, `is_delivered`, `created_at`) VALUES (38, 38, 38, 'Occaecati aliquam omnis perspiciatis quisquam error dolorem aliquid eos. Quo facere enim doloribus aspernatur. Dolores natus eveniet repellat. Error necessitatibus optio magni sit sed blanditiis. Velit deserunt sint fugit minima adipisci.', 1, 1, '2013-11-30 15:27:13');
INSERT INTO `messages` (`id`, `from_user_id`, `to_user_id`, `body`, `is_important`, `is_delivered`, `created_at`) VALUES (39, 39, 39, 'Officia est delectus culpa id et et consequuntur. Harum doloribus non dicta. Sunt iste dolore voluptas autem. Et quos dignissimos laboriosam delectus iste similique.', 0, 0, '1979-09-19 10:43:12');
INSERT INTO `messages` (`id`, `from_user_id`, `to_user_id`, `body`, `is_important`, `is_delivered`, `created_at`) VALUES (40, 40, 40, 'Sequi vel blanditiis eveniet quo autem. Quo odio praesentium dolores est quae. Ut nostrum voluptas minus. Facilis porro quis est.', 1, 0, '1986-12-27 19:34:44');
INSERT INTO `messages` (`id`, `from_user_id`, `to_user_id`, `body`, `is_important`, `is_delivered`, `created_at`) VALUES (41, 41, 41, 'Perspiciatis blanditiis cupiditate vel et. Magnam pariatur eius eius magnam quibusdam aliquid. Aut nesciunt sit omnis doloremque doloribus voluptatem eius. Qui alias et rem ratione quam quam tempore. Architecto minima nemo amet aperiam odit quasi.', 0, 0, '1975-12-09 13:52:51');
INSERT INTO `messages` (`id`, `from_user_id`, `to_user_id`, `body`, `is_important`, `is_delivered`, `created_at`) VALUES (42, 42, 42, 'Et qui et ea inventore. Pariatur esse eaque accusamus consequatur ad sint.', 0, 1, '2007-05-18 00:59:57');
INSERT INTO `messages` (`id`, `from_user_id`, `to_user_id`, `body`, `is_important`, `is_delivered`, `created_at`) VALUES (43, 43, 43, 'Omnis explicabo nisi mollitia quae nostrum corrupti consequuntur. Ut assumenda culpa ab dolor ut voluptatem voluptates. Eum alias itaque eum ut quisquam.', 0, 1, '1984-04-08 05:22:39');
INSERT INTO `messages` (`id`, `from_user_id`, `to_user_id`, `body`, `is_important`, `is_delivered`, `created_at`) VALUES (44, 44, 44, 'Id quas esse sunt. Inventore et deserunt illo debitis eos dolore et iure. Sit cumque explicabo ut quisquam quia non sit culpa. Minus ullam illo consequatur non.', 1, 0, '1991-04-07 09:51:55');
INSERT INTO `messages` (`id`, `from_user_id`, `to_user_id`, `body`, `is_important`, `is_delivered`, `created_at`) VALUES (45, 45, 45, 'Asperiores aspernatur molestiae modi. Dignissimos cupiditate sint architecto voluptatum tenetur omnis. Natus et libero odit necessitatibus enim ipsam dolores. Ea dolore est eos aliquam similique. Eius odio quasi debitis recusandae.', 0, 1, '1975-06-12 20:25:40');
INSERT INTO `messages` (`id`, `from_user_id`, `to_user_id`, `body`, `is_important`, `is_delivered`, `created_at`) VALUES (46, 46, 46, 'Dolores itaque quaerat exercitationem deserunt voluptates est. Sit veritatis reprehenderit ut at quibusdam cumque. Eius quas aut in labore est repudiandae quis beatae.', 0, 1, '1996-12-19 04:35:16');
INSERT INTO `messages` (`id`, `from_user_id`, `to_user_id`, `body`, `is_important`, `is_delivered`, `created_at`) VALUES (47, 47, 47, 'Nihil est laudantium autem officia possimus accusamus qui. Nihil beatae maxime nemo velit magnam. Quia dolor voluptatem natus sed autem culpa hic.', 0, 1, '1973-09-15 10:50:12');
INSERT INTO `messages` (`id`, `from_user_id`, `to_user_id`, `body`, `is_important`, `is_delivered`, `created_at`) VALUES (48, 48, 48, 'Voluptates quaerat laboriosam nihil inventore in. Voluptatem ex dolorem dolorem et nihil. Eligendi tempore ut quis et. Voluptas animi dolorum voluptates fugit. Minima eius fugiat quo voluptas numquam ratione.', 1, 0, '2002-12-09 23:55:02');
INSERT INTO `messages` (`id`, `from_user_id`, `to_user_id`, `body`, `is_important`, `is_delivered`, `created_at`) VALUES (49, 49, 49, 'Totam quas laborum deserunt a rerum. Perferendis sit iure in. Incidunt minus maiores ipsa consequuntur voluptatum.', 1, 1, '2006-06-22 13:50:50');
INSERT INTO `messages` (`id`, `from_user_id`, `to_user_id`, `body`, `is_important`, `is_delivered`, `created_at`) VALUES (50, 50, 50, 'Et perferendis soluta consequatur fugit et vitae ducimus maiores. Voluptas quas consequatur deleniti. Esse fugit aliquid amet consequuntur quos quae tempora. Commodi ipsa vel pariatur et aut aut voluptatem possimus.', 1, 1, '1997-03-29 14:55:09');
INSERT INTO `messages` (`id`, `from_user_id`, `to_user_id`, `body`, `is_important`, `is_delivered`, `created_at`) VALUES (51, 51, 51, 'Excepturi a doloribus esse labore ut beatae sint. Omnis soluta nisi sint consequuntur repellat nostrum non. Dolorem possimus ea ducimus sint.', 0, 0, '2003-04-26 08:39:49');
INSERT INTO `messages` (`id`, `from_user_id`, `to_user_id`, `body`, `is_important`, `is_delivered`, `created_at`) VALUES (52, 52, 52, 'Voluptas molestiae et odit veniam. Doloribus incidunt quaerat aspernatur laborum dolorem. Et eaque est sit nostrum quisquam ab aut.', 1, 1, '1974-04-27 01:46:51');
INSERT INTO `messages` (`id`, `from_user_id`, `to_user_id`, `body`, `is_important`, `is_delivered`, `created_at`) VALUES (53, 53, 53, 'Aut laboriosam soluta reiciendis dolor aut vel. Dolorem consequatur veritatis voluptates magnam quasi soluta eos. Rem dignissimos exercitationem et similique et.', 0, 1, '1972-08-24 03:33:51');
INSERT INTO `messages` (`id`, `from_user_id`, `to_user_id`, `body`, `is_important`, `is_delivered`, `created_at`) VALUES (54, 54, 54, 'Reiciendis aut suscipit facere voluptatum. Quae ducimus ducimus quisquam est dicta ea. Perspiciatis ipsum qui repellendus sint sit ea consectetur. Quas eligendi quod ut in.', 1, 1, '1976-05-04 04:50:33');
INSERT INTO `messages` (`id`, `from_user_id`, `to_user_id`, `body`, `is_important`, `is_delivered`, `created_at`) VALUES (55, 55, 55, 'Nisi quia aut et sed et aspernatur. Iusto rerum fuga laudantium sed et.', 1, 0, '1984-06-20 23:20:35');
INSERT INTO `messages` (`id`, `from_user_id`, `to_user_id`, `body`, `is_important`, `is_delivered`, `created_at`) VALUES (56, 56, 56, 'Nihil et incidunt veniam nesciunt quis laboriosam. Itaque quis sit qui a aperiam. Doloremque non distinctio est tenetur sequi. Nihil quis in et molestias dolorum eveniet est.', 1, 1, '1973-01-10 07:58:49');
INSERT INTO `messages` (`id`, `from_user_id`, `to_user_id`, `body`, `is_important`, `is_delivered`, `created_at`) VALUES (57, 57, 57, 'Cumque voluptates est voluptatem maxime ea minima. Voluptate velit voluptas ut ratione. Temporibus ea harum in quia id tenetur. Omnis et maiores odit in animi architecto pariatur et.', 1, 1, '1979-11-24 05:49:29');
INSERT INTO `messages` (`id`, `from_user_id`, `to_user_id`, `body`, `is_important`, `is_delivered`, `created_at`) VALUES (58, 58, 58, 'Amet sed sint dolor iure rem iusto perspiciatis eum. Sit aut quaerat nulla voluptatibus. Amet est quis aut.', 1, 0, '1987-06-08 13:48:14');
INSERT INTO `messages` (`id`, `from_user_id`, `to_user_id`, `body`, `is_important`, `is_delivered`, `created_at`) VALUES (59, 59, 59, 'Minima non porro accusantium quo. Non sequi non culpa soluta. Atque provident sunt sapiente voluptatem. Harum voluptatibus dolorem quos earum laborum voluptas. Vel autem et id sint.', 1, 0, '2016-10-13 17:07:43');
INSERT INTO `messages` (`id`, `from_user_id`, `to_user_id`, `body`, `is_important`, `is_delivered`, `created_at`) VALUES (60, 60, 60, 'Inventore maxime quis necessitatibus consequuntur consequatur dicta consequatur tempora. Assumenda placeat quam aliquid quidem porro rerum. Velit aliquam id atque nisi et.', 1, 0, '2014-09-07 11:32:22');
INSERT INTO `messages` (`id`, `from_user_id`, `to_user_id`, `body`, `is_important`, `is_delivered`, `created_at`) VALUES (61, 61, 61, 'Sed aut fuga ut atque impedit debitis. Ducimus ea qui vero quia voluptas voluptatibus. Dolores magni ea sint dolorem et fugiat quam. Sed voluptate voluptatum quo laborum unde accusamus quia.', 0, 0, '1982-02-10 19:45:52');
INSERT INTO `messages` (`id`, `from_user_id`, `to_user_id`, `body`, `is_important`, `is_delivered`, `created_at`) VALUES (62, 62, 62, 'Minima optio quos et quos enim temporibus. Aliquam totam laudantium facere hic odio.', 1, 0, '1985-06-03 15:53:18');
INSERT INTO `messages` (`id`, `from_user_id`, `to_user_id`, `body`, `is_important`, `is_delivered`, `created_at`) VALUES (63, 63, 63, 'Voluptate ut voluptatem nemo id amet maxime. Hic iste vero voluptas optio aut voluptates quia. Est sequi quia debitis hic cupiditate ipsum non. Eligendi laborum ipsum aperiam molestiae deserunt veniam deleniti.', 1, 0, '1991-01-19 23:01:46');
INSERT INTO `messages` (`id`, `from_user_id`, `to_user_id`, `body`, `is_important`, `is_delivered`, `created_at`) VALUES (64, 64, 64, 'Corporis ut suscipit natus aliquam sunt similique voluptatem. Debitis dolores nobis quia harum magnam eligendi maxime. Quam odio placeat placeat suscipit ut quod ab libero. Libero doloremque excepturi doloremque at quidem culpa.', 1, 0, '2000-02-19 21:00:11');
INSERT INTO `messages` (`id`, `from_user_id`, `to_user_id`, `body`, `is_important`, `is_delivered`, `created_at`) VALUES (65, 65, 65, 'Perferendis in possimus sapiente enim necessitatibus et nihil. Praesentium autem non blanditiis asperiores corporis praesentium eos. Doloremque placeat repudiandae aut illo non esse vel.', 0, 1, '2005-08-06 10:28:00');
INSERT INTO `messages` (`id`, `from_user_id`, `to_user_id`, `body`, `is_important`, `is_delivered`, `created_at`) VALUES (66, 66, 66, 'Modi veritatis dolor nam doloribus. Dignissimos et consequatur molestiae. Totam eligendi necessitatibus praesentium et. Harum quam illum voluptatum tempora.', 1, 1, '1984-05-23 02:53:20');
INSERT INTO `messages` (`id`, `from_user_id`, `to_user_id`, `body`, `is_important`, `is_delivered`, `created_at`) VALUES (67, 67, 67, 'Odio sapiente aut ut aspernatur. Reprehenderit et dicta et voluptatibus temporibus iusto totam dolores. Illum ut sint aut id molestias quo. Consequuntur sunt repellat sunt velit illum debitis.', 0, 1, '2016-01-11 04:12:48');
INSERT INTO `messages` (`id`, `from_user_id`, `to_user_id`, `body`, `is_important`, `is_delivered`, `created_at`) VALUES (68, 68, 68, 'Ad praesentium eligendi aut quasi consectetur. Cupiditate eveniet sit ad aliquid. Ad nostrum culpa facilis odit. Cupiditate molestiae nostrum atque eos autem placeat.', 0, 0, '1997-05-24 13:21:48');
INSERT INTO `messages` (`id`, `from_user_id`, `to_user_id`, `body`, `is_important`, `is_delivered`, `created_at`) VALUES (69, 69, 69, 'Fugit odio ut minus assumenda atque dolor. Odio magnam dolores ut mollitia. Et est et consequatur et sunt quaerat sint eos. Similique non neque quibusdam ut fugiat.', 0, 0, '1975-08-23 21:46:58');
INSERT INTO `messages` (`id`, `from_user_id`, `to_user_id`, `body`, `is_important`, `is_delivered`, `created_at`) VALUES (70, 70, 70, 'Dolor sunt dolore ut mollitia est. Qui nisi illo minus eius ex magnam. Necessitatibus qui facilis deleniti voluptas maxime cumque sit est.', 1, 1, '2004-02-26 20:19:29');
INSERT INTO `messages` (`id`, `from_user_id`, `to_user_id`, `body`, `is_important`, `is_delivered`, `created_at`) VALUES (71, 71, 71, 'Ea illum et nobis. Distinctio beatae cumque aliquam maxime dolorum. Praesentium aut magnam est assumenda occaecati aut.', 1, 1, '1977-08-22 21:51:57');
INSERT INTO `messages` (`id`, `from_user_id`, `to_user_id`, `body`, `is_important`, `is_delivered`, `created_at`) VALUES (72, 72, 72, 'Voluptas quia occaecati voluptas architecto et quibusdam quaerat vitae. Quos necessitatibus rerum aut aut omnis ut impedit sit. Tenetur omnis quisquam minima sequi et qui. A deleniti odit ut assumenda ea corporis eum. Necessitatibus saepe voluptatem ut iste unde omnis.', 1, 1, '2016-12-04 22:51:06');
INSERT INTO `messages` (`id`, `from_user_id`, `to_user_id`, `body`, `is_important`, `is_delivered`, `created_at`) VALUES (73, 73, 73, 'Hic pariatur consequatur ad dolorum voluptates voluptatibus quibusdam. Non et deserunt voluptatem aut velit. Esse tenetur autem suscipit soluta modi. Dolore sint voluptas optio temporibus voluptas.', 1, 0, '1993-05-09 03:26:36');
INSERT INTO `messages` (`id`, `from_user_id`, `to_user_id`, `body`, `is_important`, `is_delivered`, `created_at`) VALUES (74, 74, 74, 'Dolore hic consequatur maiores totam id cumque ullam est. Rerum et aliquid assumenda voluptates saepe aut repellat. Ut magni voluptas possimus deleniti. Molestiae eum voluptatibus animi nostrum nemo.', 1, 1, '1978-08-18 16:55:38');
INSERT INTO `messages` (`id`, `from_user_id`, `to_user_id`, `body`, `is_important`, `is_delivered`, `created_at`) VALUES (75, 75, 75, 'Consequatur rem exercitationem et rerum. Eum necessitatibus nulla at. Aut incidunt sed laborum nihil id quia eligendi. Recusandae optio dolor qui.', 0, 1, '1977-10-17 11:05:58');
INSERT INTO `messages` (`id`, `from_user_id`, `to_user_id`, `body`, `is_important`, `is_delivered`, `created_at`) VALUES (76, 76, 76, 'Non temporibus cupiditate quis et consequatur sed eos. Sequi quod nam consectetur non expedita corrupti sunt. Corporis qui voluptatibus voluptas voluptatum.', 1, 1, '1976-03-24 15:35:12');
INSERT INTO `messages` (`id`, `from_user_id`, `to_user_id`, `body`, `is_important`, `is_delivered`, `created_at`) VALUES (77, 77, 77, 'Repellendus hic accusantium eaque asperiores et aliquid quos. Culpa quam quas voluptas qui maiores exercitationem. Ea omnis ut mollitia voluptate sed odio.', 1, 0, '2012-01-04 15:54:41');
INSERT INTO `messages` (`id`, `from_user_id`, `to_user_id`, `body`, `is_important`, `is_delivered`, `created_at`) VALUES (78, 78, 78, 'Laudantium blanditiis eos sapiente mollitia atque ut. Magni sit qui similique quia et tempore. Iusto fugit deserunt optio consequatur nostrum repellendus illo. Perspiciatis similique omnis harum dolor molestiae sed. Neque fuga omnis illo deleniti magnam veritatis.', 0, 0, '2007-06-21 13:33:41');
INSERT INTO `messages` (`id`, `from_user_id`, `to_user_id`, `body`, `is_important`, `is_delivered`, `created_at`) VALUES (79, 79, 79, 'Ut beatae sunt aspernatur assumenda fugit. Saepe harum qui sunt facere aliquid ut eaque. Reiciendis repudiandae sit harum earum beatae nostrum in.', 1, 0, '1971-02-07 00:43:22');
INSERT INTO `messages` (`id`, `from_user_id`, `to_user_id`, `body`, `is_important`, `is_delivered`, `created_at`) VALUES (80, 80, 80, 'Eaque voluptas nulla iste. Sapiente id unde quia cum culpa quos quidem. Ex temporibus aut cum quis. Tempora adipisci consequatur placeat et molestiae. Nobis deserunt qui quia reprehenderit consequatur.', 0, 1, '2005-07-10 02:26:43');
INSERT INTO `messages` (`id`, `from_user_id`, `to_user_id`, `body`, `is_important`, `is_delivered`, `created_at`) VALUES (81, 81, 81, 'Omnis voluptatem id aut perspiciatis assumenda. Labore in sunt iste aspernatur doloribus. Et itaque expedita quisquam facilis et totam.', 1, 1, '2008-04-04 22:24:36');
INSERT INTO `messages` (`id`, `from_user_id`, `to_user_id`, `body`, `is_important`, `is_delivered`, `created_at`) VALUES (82, 82, 82, 'Et aspernatur est assumenda eaque. Tempore dignissimos facilis repellendus ut officiis a impedit. Autem et sit iste libero mollitia perspiciatis corrupti unde. Voluptatum laudantium repudiandae quo suscipit ut iste occaecati alias.', 1, 1, '2001-12-15 19:38:07');
INSERT INTO `messages` (`id`, `from_user_id`, `to_user_id`, `body`, `is_important`, `is_delivered`, `created_at`) VALUES (83, 83, 83, 'Aliquam odit occaecati eos aut et et. Labore unde quod praesentium quod aut nihil. Non ut dicta voluptatem aut aut. Rem nisi harum autem sint necessitatibus modi.', 1, 1, '2007-07-15 09:03:19');
INSERT INTO `messages` (`id`, `from_user_id`, `to_user_id`, `body`, `is_important`, `is_delivered`, `created_at`) VALUES (84, 84, 84, 'Omnis saepe dicta tempora. Totam quisquam corporis aut soluta id vel. Voluptas sit porro ex et fuga alias.', 1, 0, '1991-12-22 21:40:03');
INSERT INTO `messages` (`id`, `from_user_id`, `to_user_id`, `body`, `is_important`, `is_delivered`, `created_at`) VALUES (85, 85, 85, 'Sint optio facilis non quos rerum quidem qui. Corporis aut blanditiis blanditiis voluptatibus quidem praesentium nemo. Incidunt ea corrupti explicabo et maiores optio iusto. Hic et qui quod laborum sit.', 1, 0, '1989-10-02 00:36:25');
INSERT INTO `messages` (`id`, `from_user_id`, `to_user_id`, `body`, `is_important`, `is_delivered`, `created_at`) VALUES (86, 86, 86, 'Harum eos impedit qui. Explicabo dolores et architecto repudiandae. Harum quo et ut voluptas sed.', 1, 1, '2007-07-22 02:16:56');
INSERT INTO `messages` (`id`, `from_user_id`, `to_user_id`, `body`, `is_important`, `is_delivered`, `created_at`) VALUES (87, 87, 87, 'Sed iste omnis velit quia. Ipsam eaque illum et laboriosam amet. Sit laborum vel tempore vero delectus. Quia nisi sed quae voluptatem.', 1, 0, '1970-01-15 08:54:45');
INSERT INTO `messages` (`id`, `from_user_id`, `to_user_id`, `body`, `is_important`, `is_delivered`, `created_at`) VALUES (88, 88, 88, 'Similique sapiente et dolore quia. Natus voluptas molestias non consequuntur voluptatem. Repellat debitis temporibus aspernatur itaque aliquid. Officiis eos impedit eaque doloribus animi.', 1, 1, '2017-11-21 14:27:27');
INSERT INTO `messages` (`id`, `from_user_id`, `to_user_id`, `body`, `is_important`, `is_delivered`, `created_at`) VALUES (89, 89, 89, 'Doloribus earum est nulla totam. Laudantium ullam beatae officia qui qui dolorum rerum. Natus architecto libero cupiditate. Harum nam autem nihil quia et.', 1, 0, '1984-09-04 04:06:18');
INSERT INTO `messages` (`id`, `from_user_id`, `to_user_id`, `body`, `is_important`, `is_delivered`, `created_at`) VALUES (90, 90, 90, 'Dolores eveniet esse pariatur animi fuga quia alias. Quas assumenda quia omnis hic. Deserunt et odit et quae ut. Aut earum quo aliquid reiciendis voluptas.', 0, 1, '2007-06-10 01:03:36');
INSERT INTO `messages` (`id`, `from_user_id`, `to_user_id`, `body`, `is_important`, `is_delivered`, `created_at`) VALUES (91, 91, 91, 'Velit necessitatibus sint sunt beatae dolorum. Omnis iusto rerum iure sit facere.', 1, 0, '1976-02-18 05:32:01');
INSERT INTO `messages` (`id`, `from_user_id`, `to_user_id`, `body`, `is_important`, `is_delivered`, `created_at`) VALUES (92, 92, 92, 'Fugit dolor recusandae nobis inventore tempora. Incidunt illo nisi earum quis officia aut natus libero. Animi eos numquam quisquam odio dolorem facere.', 1, 0, '1978-06-26 22:13:37');
INSERT INTO `messages` (`id`, `from_user_id`, `to_user_id`, `body`, `is_important`, `is_delivered`, `created_at`) VALUES (93, 93, 93, 'Mollitia voluptatem ducimus amet iure dignissimos id. Numquam architecto nostrum saepe voluptatum. Nisi alias corporis minima eius esse minima. Et veritatis sint voluptas architecto id. Rem natus excepturi natus labore placeat sunt et sapiente.', 1, 0, '2015-10-01 21:37:35');
INSERT INTO `messages` (`id`, `from_user_id`, `to_user_id`, `body`, `is_important`, `is_delivered`, `created_at`) VALUES (94, 94, 94, 'Laborum sed sint occaecati numquam. Ducimus et omnis qui rem non alias. Eveniet qui quod sapiente et. Sapiente minima dolore facilis.', 0, 1, '1984-01-06 00:24:07');
INSERT INTO `messages` (`id`, `from_user_id`, `to_user_id`, `body`, `is_important`, `is_delivered`, `created_at`) VALUES (95, 95, 95, 'Omnis qui quia consequatur modi eum quod. Sunt eius asperiores rerum facilis.', 1, 0, '1972-05-26 22:12:06');
INSERT INTO `messages` (`id`, `from_user_id`, `to_user_id`, `body`, `is_important`, `is_delivered`, `created_at`) VALUES (96, 96, 96, 'Rem assumenda totam corrupti aut consectetur voluptas. Sint eos eaque ut.', 0, 1, '1981-01-29 22:09:18');
INSERT INTO `messages` (`id`, `from_user_id`, `to_user_id`, `body`, `is_important`, `is_delivered`, `created_at`) VALUES (97, 97, 97, 'Aut cumque aut nesciunt animi tempora. Recusandae velit impedit dolores nam tempora. Veritatis et consequatur tenetur reprehenderit. Quia dignissimos quam facilis iste.', 1, 1, '1994-12-24 04:01:44');
INSERT INTO `messages` (`id`, `from_user_id`, `to_user_id`, `body`, `is_important`, `is_delivered`, `created_at`) VALUES (98, 98, 98, 'Sunt quo blanditiis consequatur iusto ut vero in accusamus. Omnis ut voluptatum quo rerum. Minus dicta accusamus reprehenderit minus. Deleniti perspiciatis dolores omnis incidunt.', 0, 0, '1995-03-19 16:27:43');
INSERT INTO `messages` (`id`, `from_user_id`, `to_user_id`, `body`, `is_important`, `is_delivered`, `created_at`) VALUES (99, 99, 99, 'Ipsam atque consectetur dignissimos aspernatur consequatur exercitationem tempora excepturi. Et fugit et expedita. Aut ratione veniam laudantium quis. Reiciendis facilis sunt saepe aperiam quasi natus. Et facere labore est voluptatum quaerat.', 1, 0, '1970-01-06 23:36:41');
INSERT INTO `messages` (`id`, `from_user_id`, `to_user_id`, `body`, `is_important`, `is_delivered`, `created_at`) VALUES (100, 100, 100, 'Nisi tempore molestiae modi libero aspernatur. Dolorem amet voluptatum nostrum. Sunt accusantium blanditiis est necessitatibus at voluptas. Deleniti nisi quis velit tenetur labore natus. Quod reprehenderit voluptate eaque minima dolore ea suscipit.', 1, 0, '1983-03-24 03:11:35');

INSERT INTO `profiles` (`user_id`, `birthdate`, `sex`, `hometown`, `country`, `photo_id`, `created_at`, `updated_at`) VALUES (1, '2002-12-12', '', 'North Cierraside', 'Antigua and Barbuda', 40, '1975-07-02 03:29:03', '1997-10-26 11:06:08');
INSERT INTO `profiles` (`user_id`, `birthdate`, `sex`, `hometown`, `country`, `photo_id`, `created_at`, `updated_at`) VALUES (2, '1997-01-01', '', 'Kovacekbury', 'Azerbaijan', 75, '1973-12-27 18:12:47', '1999-01-01 08:56:05');
INSERT INTO `profiles` (`user_id`, `birthdate`, `sex`, `hometown`, `country`, `photo_id`, `created_at`, `updated_at`) VALUES (3, '2008-12-02', '', 'New Fredrick', 'Cambodia', 92, '2011-10-23 19:10:36', '2019-07-11 19:10:25');
INSERT INTO `profiles` (`user_id`, `birthdate`, `sex`, `hometown`, `country`, `photo_id`, `created_at`, `updated_at`) VALUES (4, '2015-10-06', '', 'West Finn', 'Saint Kitts and Nevis', 39, '1998-07-06 14:57:26', '1986-07-17 10:18:07');
INSERT INTO `profiles` (`user_id`, `birthdate`, `sex`, `hometown`, `country`, `photo_id`, `created_at`, `updated_at`) VALUES (5, '1980-12-09', '', 'Lake Dane', 'Indonesia', 45, '1988-01-29 06:07:03', '2017-05-07 03:57:25');
INSERT INTO `profiles` (`user_id`, `birthdate`, `sex`, `hometown`, `country`, `photo_id`, `created_at`, `updated_at`) VALUES (6, '2003-03-22', '', 'New Destineyhaven', 'Estonia', 24, '2014-04-10 21:05:22', '1990-01-05 19:55:24');
INSERT INTO `profiles` (`user_id`, `birthdate`, `sex`, `hometown`, `country`, `photo_id`, `created_at`, `updated_at`) VALUES (7, '1988-10-27', '', 'Dorothyton', 'Panama', 56, '2001-03-15 13:34:06', '1999-09-17 11:57:53');
INSERT INTO `profiles` (`user_id`, `birthdate`, `sex`, `hometown`, `country`, `photo_id`, `created_at`, `updated_at`) VALUES (8, '1993-10-31', '', 'Nitzschehaven', 'Dominica', 60, '1990-01-03 05:19:51', '1992-09-22 11:46:23');
INSERT INTO `profiles` (`user_id`, `birthdate`, `sex`, `hometown`, `country`, `photo_id`, `created_at`, `updated_at`) VALUES (9, '2002-04-23', '', 'South Monaville', 'Angola', 84, '1992-01-06 11:04:58', '2002-05-25 21:34:07');
INSERT INTO `profiles` (`user_id`, `birthdate`, `sex`, `hometown`, `country`, `photo_id`, `created_at`, `updated_at`) VALUES (10, '2016-01-19', '', 'West Kristianborough', 'Taiwan', 71, '2000-06-27 01:39:36', '2010-06-03 18:29:58');
INSERT INTO `profiles` (`user_id`, `birthdate`, `sex`, `hometown`, `country`, `photo_id`, `created_at`, `updated_at`) VALUES (11, '2018-05-23', '', 'East Amara', 'Sao Tome and Principe', 27, '2018-08-19 11:46:51', '2003-10-10 00:15:04');
INSERT INTO `profiles` (`user_id`, `birthdate`, `sex`, `hometown`, `country`, `photo_id`, `created_at`, `updated_at`) VALUES (12, '2019-07-16', '', 'Carleestad', 'Barbados', 62, '2003-11-28 01:44:37', '1991-06-29 22:02:12');
INSERT INTO `profiles` (`user_id`, `birthdate`, `sex`, `hometown`, `country`, `photo_id`, `created_at`, `updated_at`) VALUES (13, '1979-01-10', '', 'Lake Mireyaberg', 'Svalbard & Jan Mayen Islands', 26, '2013-01-23 08:10:26', '2018-09-03 23:21:44');
INSERT INTO `profiles` (`user_id`, `birthdate`, `sex`, `hometown`, `country`, `photo_id`, `created_at`, `updated_at`) VALUES (14, '2012-11-03', '', 'Maxieport', 'Niue', 47, '2004-12-30 06:18:35', '1995-03-15 08:23:36');
INSERT INTO `profiles` (`user_id`, `birthdate`, `sex`, `hometown`, `country`, `photo_id`, `created_at`, `updated_at`) VALUES (15, '1999-01-24', '', 'West Pinkieton', 'Mauritius', 2, '2015-03-25 11:37:31', '2009-06-26 09:42:09');
INSERT INTO `profiles` (`user_id`, `birthdate`, `sex`, `hometown`, `country`, `photo_id`, `created_at`, `updated_at`) VALUES (16, '2016-09-14', '', 'Nelleburgh', 'Saint Vincent and the Grenadines', 39, '1975-05-20 06:05:09', '1971-08-08 03:57:38');
INSERT INTO `profiles` (`user_id`, `birthdate`, `sex`, `hometown`, `country`, `photo_id`, `created_at`, `updated_at`) VALUES (17, '1981-05-18', '', 'Aleneside', 'Cameroon', 33, '1996-01-31 09:17:54', '2007-09-09 03:15:07');
INSERT INTO `profiles` (`user_id`, `birthdate`, `sex`, `hometown`, `country`, `photo_id`, `created_at`, `updated_at`) VALUES (18, '2003-12-14', '', 'East Eddiemouth', 'Nepal', 79, '1999-04-10 06:01:16', '1996-08-06 08:18:09');
INSERT INTO `profiles` (`user_id`, `birthdate`, `sex`, `hometown`, `country`, `photo_id`, `created_at`, `updated_at`) VALUES (19, '1977-01-09', '', 'Lauryburgh', 'Kazakhstan', 86, '1998-12-17 17:49:15', '1986-02-08 21:26:51');
INSERT INTO `profiles` (`user_id`, `birthdate`, `sex`, `hometown`, `country`, `photo_id`, `created_at`, `updated_at`) VALUES (20, '1994-03-10', '', 'Brennanstad', 'Bhutan', 65, '2000-08-31 17:01:25', '2019-04-28 19:47:06');
INSERT INTO `profiles` (`user_id`, `birthdate`, `sex`, `hometown`, `country`, `photo_id`, `created_at`, `updated_at`) VALUES (21, '2003-10-22', '', 'Wellingtonstad', 'Tokelau', 71, '2005-01-13 00:34:57', '1977-05-14 04:53:25');
INSERT INTO `profiles` (`user_id`, `birthdate`, `sex`, `hometown`, `country`, `photo_id`, `created_at`, `updated_at`) VALUES (22, '1992-02-28', '', 'Purdymouth', 'Indonesia', 15, '2014-03-19 17:09:30', '1992-03-06 00:52:59');
INSERT INTO `profiles` (`user_id`, `birthdate`, `sex`, `hometown`, `country`, `photo_id`, `created_at`, `updated_at`) VALUES (23, '1976-04-11', '', 'Creminton', 'Tuvalu', 77, '2002-08-24 00:32:41', '2004-01-05 07:15:36');
INSERT INTO `profiles` (`user_id`, `birthdate`, `sex`, `hometown`, `country`, `photo_id`, `created_at`, `updated_at`) VALUES (24, '2003-06-27', '', 'Lake Hendersonton', 'Germany', 85, '1975-01-01 02:52:02', '1999-07-04 00:21:27');
INSERT INTO `profiles` (`user_id`, `birthdate`, `sex`, `hometown`, `country`, `photo_id`, `created_at`, `updated_at`) VALUES (25, '2003-06-17', '', 'South Ivaborough', 'Panama', 61, '1994-12-28 10:26:29', '1996-10-23 17:37:28');
INSERT INTO `profiles` (`user_id`, `birthdate`, `sex`, `hometown`, `country`, `photo_id`, `created_at`, `updated_at`) VALUES (26, '2005-05-19', '', 'New Robertohaven', 'Northern Mariana Islands', 53, '2014-02-09 22:17:48', '2005-10-28 07:40:21');
INSERT INTO `profiles` (`user_id`, `birthdate`, `sex`, `hometown`, `country`, `photo_id`, `created_at`, `updated_at`) VALUES (27, '1975-11-07', '', 'Kirlinchester', 'Grenada', 73, '1993-08-20 19:09:15', '2009-09-29 19:44:23');
INSERT INTO `profiles` (`user_id`, `birthdate`, `sex`, `hometown`, `country`, `photo_id`, `created_at`, `updated_at`) VALUES (28, '1979-11-02', '', 'Joelleside', 'Palau', 14, '2015-10-17 14:51:11', '2010-11-21 08:49:34');
INSERT INTO `profiles` (`user_id`, `birthdate`, `sex`, `hometown`, `country`, `photo_id`, `created_at`, `updated_at`) VALUES (29, '1971-04-26', '', 'Brisafort', 'Christmas Island', 18, '1981-05-23 12:17:15', '1982-01-30 16:11:09');
INSERT INTO `profiles` (`user_id`, `birthdate`, `sex`, `hometown`, `country`, `photo_id`, `created_at`, `updated_at`) VALUES (30, '2015-10-11', '', 'Haydenport', 'Mayotte', 94, '2007-08-20 02:20:28', '2009-10-19 03:51:15');
INSERT INTO `profiles` (`user_id`, `birthdate`, `sex`, `hometown`, `country`, `photo_id`, `created_at`, `updated_at`) VALUES (31, '1976-11-21', '', 'Coletown', 'Brazil', 72, '1975-09-17 21:47:04', '1974-04-22 16:11:00');
INSERT INTO `profiles` (`user_id`, `birthdate`, `sex`, `hometown`, `country`, `photo_id`, `created_at`, `updated_at`) VALUES (32, '2016-12-24', '', 'North Tressie', 'Armenia', 72, '1987-09-05 22:37:18', '1994-03-09 03:40:07');
INSERT INTO `profiles` (`user_id`, `birthdate`, `sex`, `hometown`, `country`, `photo_id`, `created_at`, `updated_at`) VALUES (33, '2002-12-19', '', 'East Sunny', 'Djibouti', 56, '1986-08-02 10:30:17', '1984-03-14 00:47:48');
INSERT INTO `profiles` (`user_id`, `birthdate`, `sex`, `hometown`, `country`, `photo_id`, `created_at`, `updated_at`) VALUES (34, '1978-02-08', '', 'Daltonton', 'Madagascar', 53, '2005-05-20 00:53:43', '1989-08-02 12:39:19');
INSERT INTO `profiles` (`user_id`, `birthdate`, `sex`, `hometown`, `country`, `photo_id`, `created_at`, `updated_at`) VALUES (35, '1978-12-01', '', 'Kevenmouth', 'Niger', 7, '1980-12-04 14:23:34', '2010-10-20 13:50:37');
INSERT INTO `profiles` (`user_id`, `birthdate`, `sex`, `hometown`, `country`, `photo_id`, `created_at`, `updated_at`) VALUES (36, '1982-06-11', '', 'Kirstenton', 'Isle of Man', 24, '2015-03-09 10:14:35', '1981-05-08 22:39:10');
INSERT INTO `profiles` (`user_id`, `birthdate`, `sex`, `hometown`, `country`, `photo_id`, `created_at`, `updated_at`) VALUES (37, '2014-12-13', '', 'Lake Albert', 'Palau', 91, '1996-12-21 16:23:37', '1978-02-04 03:40:55');
INSERT INTO `profiles` (`user_id`, `birthdate`, `sex`, `hometown`, `country`, `photo_id`, `created_at`, `updated_at`) VALUES (38, '1990-10-11', '', 'Murrayshire', 'Isle of Man', 83, '1998-03-27 06:29:41', '1980-08-30 22:53:40');
INSERT INTO `profiles` (`user_id`, `birthdate`, `sex`, `hometown`, `country`, `photo_id`, `created_at`, `updated_at`) VALUES (39, '2002-03-07', '', 'Darbyland', 'Burundi', 59, '1991-09-10 09:39:39', '2014-03-10 19:32:32');
INSERT INTO `profiles` (`user_id`, `birthdate`, `sex`, `hometown`, `country`, `photo_id`, `created_at`, `updated_at`) VALUES (40, '2020-01-27', '', 'West Germaine', 'El Salvador', 62, '2003-01-31 20:10:44', '1984-12-09 15:15:35');
INSERT INTO `profiles` (`user_id`, `birthdate`, `sex`, `hometown`, `country`, `photo_id`, `created_at`, `updated_at`) VALUES (41, '2006-09-14', '', 'South Raquelfurt', 'Saint Helena', 19, '2000-09-06 17:12:04', '1983-11-18 19:27:08');
INSERT INTO `profiles` (`user_id`, `birthdate`, `sex`, `hometown`, `country`, `photo_id`, `created_at`, `updated_at`) VALUES (42, '1970-06-26', '', 'Santinatown', 'Guatemala', 67, '2001-03-16 14:55:58', '2003-01-02 06:36:12');
INSERT INTO `profiles` (`user_id`, `birthdate`, `sex`, `hometown`, `country`, `photo_id`, `created_at`, `updated_at`) VALUES (43, '2015-08-12', '', 'North Lailatown', 'Puerto Rico', 98, '2010-12-10 19:58:36', '1974-03-17 09:28:57');
INSERT INTO `profiles` (`user_id`, `birthdate`, `sex`, `hometown`, `country`, `photo_id`, `created_at`, `updated_at`) VALUES (44, '1997-02-02', '', 'Port Betsyburgh', 'Bangladesh', 80, '2003-12-04 01:00:58', '1980-01-23 05:01:37');
INSERT INTO `profiles` (`user_id`, `birthdate`, `sex`, `hometown`, `country`, `photo_id`, `created_at`, `updated_at`) VALUES (45, '2010-08-03', '', 'West Brigitte', 'Armenia', 39, '2019-10-09 08:35:33', '2005-08-10 03:01:20');
INSERT INTO `profiles` (`user_id`, `birthdate`, `sex`, `hometown`, `country`, `photo_id`, `created_at`, `updated_at`) VALUES (46, '1974-11-21', '', 'Lerabury', 'Philippines', 72, '2015-11-30 16:49:09', '1995-01-23 15:28:13');
INSERT INTO `profiles` (`user_id`, `birthdate`, `sex`, `hometown`, `country`, `photo_id`, `created_at`, `updated_at`) VALUES (47, '1983-08-29', '', 'Lebsackland', 'Central African Republic', 44, '2006-09-05 22:18:17', '2001-11-24 15:07:12');
INSERT INTO `profiles` (`user_id`, `birthdate`, `sex`, `hometown`, `country`, `photo_id`, `created_at`, `updated_at`) VALUES (48, '1970-07-18', '', 'Lake Velva', 'United Kingdom', 49, '2005-02-06 19:59:21', '2010-08-21 11:21:37');
INSERT INTO `profiles` (`user_id`, `birthdate`, `sex`, `hometown`, `country`, `photo_id`, `created_at`, `updated_at`) VALUES (49, '1993-09-26', '', 'East Izabellaland', 'Central African Republic', 89, '2002-10-13 12:21:42', '2000-01-19 04:59:31');
INSERT INTO `profiles` (`user_id`, `birthdate`, `sex`, `hometown`, `country`, `photo_id`, `created_at`, `updated_at`) VALUES (50, '1974-09-15', '', 'Mariahfurt', 'Moldova', 32, '2005-11-14 20:26:31', '2019-06-23 22:45:05');
INSERT INTO `profiles` (`user_id`, `birthdate`, `sex`, `hometown`, `country`, `photo_id`, `created_at`, `updated_at`) VALUES (51, '1994-12-04', '', 'Lake Ariane', 'Poland', 84, '1983-12-30 11:20:04', '2000-02-04 21:13:50');
INSERT INTO `profiles` (`user_id`, `birthdate`, `sex`, `hometown`, `country`, `photo_id`, `created_at`, `updated_at`) VALUES (52, '2009-08-06', '', 'New Katlynntown', 'United Arab Emirates', 14, '1976-03-26 13:56:19', '2012-11-06 18:18:20');
INSERT INTO `profiles` (`user_id`, `birthdate`, `sex`, `hometown`, `country`, `photo_id`, `created_at`, `updated_at`) VALUES (53, '2010-08-15', '', 'West Vilmaview', 'Fiji', 1, '1989-01-24 10:30:23', '1986-07-13 05:16:15');
INSERT INTO `profiles` (`user_id`, `birthdate`, `sex`, `hometown`, `country`, `photo_id`, `created_at`, `updated_at`) VALUES (54, '2017-03-01', '', 'East Destinyhaven', 'Netherlands Antilles', 56, '1977-12-21 01:00:18', '2001-03-16 11:51:20');
INSERT INTO `profiles` (`user_id`, `birthdate`, `sex`, `hometown`, `country`, `photo_id`, `created_at`, `updated_at`) VALUES (55, '1988-05-04', '', 'South Alexanechester', 'Netherlands', 55, '2001-10-03 12:50:43', '1987-09-27 22:55:56');
INSERT INTO `profiles` (`user_id`, `birthdate`, `sex`, `hometown`, `country`, `photo_id`, `created_at`, `updated_at`) VALUES (56, '1995-11-07', '', 'West Annabellestad', 'Bulgaria', 6, '2004-08-25 15:34:23', '2008-08-04 20:01:03');
INSERT INTO `profiles` (`user_id`, `birthdate`, `sex`, `hometown`, `country`, `photo_id`, `created_at`, `updated_at`) VALUES (57, '1997-03-31', '', 'New Gerardoberg', 'Czech Republic', 32, '2000-02-10 08:22:03', '1972-02-23 07:45:15');
INSERT INTO `profiles` (`user_id`, `birthdate`, `sex`, `hometown`, `country`, `photo_id`, `created_at`, `updated_at`) VALUES (58, '1990-05-30', '', 'West Cynthia', 'Estonia', 21, '1991-12-28 00:03:57', '1991-07-17 00:08:21');
INSERT INTO `profiles` (`user_id`, `birthdate`, `sex`, `hometown`, `country`, `photo_id`, `created_at`, `updated_at`) VALUES (59, '2013-09-07', '', 'South Makenziemouth', 'Angola', 67, '1991-01-21 09:41:47', '2014-02-26 23:36:33');
INSERT INTO `profiles` (`user_id`, `birthdate`, `sex`, `hometown`, `country`, `photo_id`, `created_at`, `updated_at`) VALUES (60, '1984-04-13', '', 'Trompchester', 'Congo', 83, '1973-02-05 20:10:23', '1997-10-03 08:11:08');
INSERT INTO `profiles` (`user_id`, `birthdate`, `sex`, `hometown`, `country`, `photo_id`, `created_at`, `updated_at`) VALUES (61, '1973-02-14', '', 'South Phyllis', 'Kuwait', 16, '2005-06-27 05:59:14', '1979-02-18 10:29:25');
INSERT INTO `profiles` (`user_id`, `birthdate`, `sex`, `hometown`, `country`, `photo_id`, `created_at`, `updated_at`) VALUES (62, '1978-10-12', '', 'Toreytown', 'Costa Rica', 78, '1998-09-10 20:43:36', '1971-03-22 20:48:42');
INSERT INTO `profiles` (`user_id`, `birthdate`, `sex`, `hometown`, `country`, `photo_id`, `created_at`, `updated_at`) VALUES (63, '2005-04-26', '', 'Rubenberg', 'India', 11, '2002-11-13 08:51:04', '1972-11-30 16:15:51');
INSERT INTO `profiles` (`user_id`, `birthdate`, `sex`, `hometown`, `country`, `photo_id`, `created_at`, `updated_at`) VALUES (64, '1986-08-22', '', 'North Jaidachester', 'Latvia', 53, '2007-03-18 12:09:31', '2010-01-11 01:45:42');
INSERT INTO `profiles` (`user_id`, `birthdate`, `sex`, `hometown`, `country`, `photo_id`, `created_at`, `updated_at`) VALUES (65, '1989-07-27', '', 'Port Buck', 'South Georgia and the South Sandwich Islands', 82, '1974-07-06 12:45:01', '2014-06-06 11:43:27');
INSERT INTO `profiles` (`user_id`, `birthdate`, `sex`, `hometown`, `country`, `photo_id`, `created_at`, `updated_at`) VALUES (66, '2009-01-02', '', 'South Arvidview', 'Maldives', 41, '2005-05-15 22:28:47', '2004-10-14 22:52:49');
INSERT INTO `profiles` (`user_id`, `birthdate`, `sex`, `hometown`, `country`, `photo_id`, `created_at`, `updated_at`) VALUES (67, '2007-09-15', '', 'New Felicia', 'Guatemala', 100, '1997-07-26 01:05:38', '1979-05-31 13:15:36');
INSERT INTO `profiles` (`user_id`, `birthdate`, `sex`, `hometown`, `country`, `photo_id`, `created_at`, `updated_at`) VALUES (68, '2000-07-27', '', 'Lake Tierra', 'Montserrat', 55, '2003-06-16 16:15:30', '1996-07-26 21:29:03');
INSERT INTO `profiles` (`user_id`, `birthdate`, `sex`, `hometown`, `country`, `photo_id`, `created_at`, `updated_at`) VALUES (69, '2015-03-08', '', 'Lebsackmouth', 'Micronesia', 60, '1975-11-03 07:03:10', '2000-09-07 11:23:46');
INSERT INTO `profiles` (`user_id`, `birthdate`, `sex`, `hometown`, `country`, `photo_id`, `created_at`, `updated_at`) VALUES (70, '1974-10-09', '', 'North Guillermo', 'Saint Pierre and Miquelon', 46, '1973-07-31 20:14:30', '2006-01-10 17:39:52');
INSERT INTO `profiles` (`user_id`, `birthdate`, `sex`, `hometown`, `country`, `photo_id`, `created_at`, `updated_at`) VALUES (71, '1999-12-26', '', 'South Aglae', 'British Indian Ocean Territory (Chagos Archipelago)', 52, '1997-02-09 17:20:07', '1979-07-04 07:05:52');
INSERT INTO `profiles` (`user_id`, `birthdate`, `sex`, `hometown`, `country`, `photo_id`, `created_at`, `updated_at`) VALUES (72, '2006-10-21', '', 'West Lilianmouth', 'Pakistan', 29, '2003-04-13 23:44:03', '1993-11-13 19:05:26');
INSERT INTO `profiles` (`user_id`, `birthdate`, `sex`, `hometown`, `country`, `photo_id`, `created_at`, `updated_at`) VALUES (73, '1986-05-07', '', 'Lake Reyesborough', 'United States Virgin Islands', 59, '2017-05-07 11:11:52', '1973-07-08 18:43:25');
INSERT INTO `profiles` (`user_id`, `birthdate`, `sex`, `hometown`, `country`, `photo_id`, `created_at`, `updated_at`) VALUES (74, '2000-07-03', '', 'Batzburgh', 'Portugal', 49, '1975-05-31 13:06:59', '2013-06-15 03:26:13');
INSERT INTO `profiles` (`user_id`, `birthdate`, `sex`, `hometown`, `country`, `photo_id`, `created_at`, `updated_at`) VALUES (75, '1984-04-30', '', 'Port Piperstad', 'Faroe Islands', 76, '1980-11-04 12:04:56', '1989-10-19 10:52:21');
INSERT INTO `profiles` (`user_id`, `birthdate`, `sex`, `hometown`, `country`, `photo_id`, `created_at`, `updated_at`) VALUES (76, '1972-08-21', '', 'Lake Waldoland', 'French Southern Territories', 41, '1985-07-07 02:41:25', '1996-04-20 23:15:39');
INSERT INTO `profiles` (`user_id`, `birthdate`, `sex`, `hometown`, `country`, `photo_id`, `created_at`, `updated_at`) VALUES (77, '2004-10-31', '', 'Kalihaven', 'Romania', 14, '1982-08-26 15:36:07', '1997-04-06 14:02:30');
INSERT INTO `profiles` (`user_id`, `birthdate`, `sex`, `hometown`, `country`, `photo_id`, `created_at`, `updated_at`) VALUES (78, '2010-04-29', '', 'Doyleshire', 'Uganda', 77, '1974-05-13 06:50:28', '2016-08-25 02:51:52');
INSERT INTO `profiles` (`user_id`, `birthdate`, `sex`, `hometown`, `country`, `photo_id`, `created_at`, `updated_at`) VALUES (79, '2001-03-15', '', 'East Bridgetfort', 'Singapore', 63, '1984-08-19 17:26:14', '2001-09-11 19:52:57');
INSERT INTO `profiles` (`user_id`, `birthdate`, `sex`, `hometown`, `country`, `photo_id`, `created_at`, `updated_at`) VALUES (80, '1976-07-28', '', 'O\'Connellmouth', 'Morocco', 21, '1988-04-01 05:12:59', '2018-02-16 11:05:20');
INSERT INTO `profiles` (`user_id`, `birthdate`, `sex`, `hometown`, `country`, `photo_id`, `created_at`, `updated_at`) VALUES (81, '2016-04-17', '', 'South Johannahaven', 'Pakistan', 68, '2004-08-25 08:37:15', '2004-03-17 23:15:38');
INSERT INTO `profiles` (`user_id`, `birthdate`, `sex`, `hometown`, `country`, `photo_id`, `created_at`, `updated_at`) VALUES (82, '1970-11-01', '', 'Mohrchester', 'Trinidad and Tobago', 43, '1981-05-08 08:52:36', '1970-11-13 04:24:45');
INSERT INTO `profiles` (`user_id`, `birthdate`, `sex`, `hometown`, `country`, `photo_id`, `created_at`, `updated_at`) VALUES (83, '2007-07-17', '', 'Kihnhaven', 'United States of America', 20, '1993-12-11 09:37:31', '2009-06-20 06:32:39');
INSERT INTO `profiles` (`user_id`, `birthdate`, `sex`, `hometown`, `country`, `photo_id`, `created_at`, `updated_at`) VALUES (84, '2017-04-29', '', 'Isabelleborough', 'Grenada', 12, '2008-04-30 23:15:21', '2006-12-29 17:42:29');
INSERT INTO `profiles` (`user_id`, `birthdate`, `sex`, `hometown`, `country`, `photo_id`, `created_at`, `updated_at`) VALUES (85, '2005-08-12', '', 'South Pamelaport', 'Cambodia', 70, '1970-06-16 01:38:17', '2004-10-30 21:03:35');
INSERT INTO `profiles` (`user_id`, `birthdate`, `sex`, `hometown`, `country`, `photo_id`, `created_at`, `updated_at`) VALUES (86, '1974-09-19', '', 'Lake Lelandburgh', 'Trinidad and Tobago', 42, '1975-12-08 07:49:29', '2001-07-31 23:19:46');
INSERT INTO `profiles` (`user_id`, `birthdate`, `sex`, `hometown`, `country`, `photo_id`, `created_at`, `updated_at`) VALUES (87, '1986-02-21', '', 'Port Zoiechester', 'Monaco', 27, '1982-09-09 08:00:33', '1999-05-12 06:26:18');
INSERT INTO `profiles` (`user_id`, `birthdate`, `sex`, `hometown`, `country`, `photo_id`, `created_at`, `updated_at`) VALUES (88, '2008-10-31', '', 'Greggberg', 'Rwanda', 12, '1970-11-04 10:36:56', '2003-02-07 14:30:52');
INSERT INTO `profiles` (`user_id`, `birthdate`, `sex`, `hometown`, `country`, `photo_id`, `created_at`, `updated_at`) VALUES (89, '1990-08-17', '', 'McDermottfurt', 'United States Virgin Islands', 1, '2011-09-14 22:46:04', '1984-06-07 06:15:31');
INSERT INTO `profiles` (`user_id`, `birthdate`, `sex`, `hometown`, `country`, `photo_id`, `created_at`, `updated_at`) VALUES (90, '2017-02-03', '', 'Leonoramouth', 'Cote d\'Ivoire', 40, '1991-07-08 20:40:40', '1987-03-11 02:40:32');
INSERT INTO `profiles` (`user_id`, `birthdate`, `sex`, `hometown`, `country`, `photo_id`, `created_at`, `updated_at`) VALUES (91, '1977-05-16', '', 'New Lavada', 'Tuvalu', 63, '2004-08-24 18:50:33', '1987-02-02 19:32:20');
INSERT INTO `profiles` (`user_id`, `birthdate`, `sex`, `hometown`, `country`, `photo_id`, `created_at`, `updated_at`) VALUES (92, '1977-03-26', '', 'South Odiebury', 'Saint Pierre and Miquelon', 17, '1971-09-10 17:41:37', '1994-10-04 09:34:11');
INSERT INTO `profiles` (`user_id`, `birthdate`, `sex`, `hometown`, `country`, `photo_id`, `created_at`, `updated_at`) VALUES (93, '1987-06-22', '', 'Lake Verner', 'Guinea', 61, '1982-07-21 12:39:35', '2015-08-07 09:51:54');
INSERT INTO `profiles` (`user_id`, `birthdate`, `sex`, `hometown`, `country`, `photo_id`, `created_at`, `updated_at`) VALUES (94, '2008-03-29', '', 'Parisianfurt', 'Palestinian Territory', 72, '2013-10-09 10:22:52', '1997-10-14 07:54:09');
INSERT INTO `profiles` (`user_id`, `birthdate`, `sex`, `hometown`, `country`, `photo_id`, `created_at`, `updated_at`) VALUES (95, '1981-05-13', '', 'Evertfurt', 'Paraguay', 55, '1996-10-14 15:38:03', '2017-03-31 23:51:16');
INSERT INTO `profiles` (`user_id`, `birthdate`, `sex`, `hometown`, `country`, `photo_id`, `created_at`, `updated_at`) VALUES (96, '2014-08-12', '', 'Bechtelarhaven', 'Benin', 11, '1996-11-03 05:37:24', '2012-05-25 20:31:21');
INSERT INTO `profiles` (`user_id`, `birthdate`, `sex`, `hometown`, `country`, `photo_id`, `created_at`, `updated_at`) VALUES (97, '2014-07-24', '', 'Mohrburgh', 'Liechtenstein', 8, '1990-04-07 01:33:57', '2005-02-06 18:56:03');
INSERT INTO `profiles` (`user_id`, `birthdate`, `sex`, `hometown`, `country`, `photo_id`, `created_at`, `updated_at`) VALUES (98, '1983-09-15', '', 'Guyshire', 'Uganda', 94, '1984-03-29 06:59:30', '1985-04-24 14:39:58');
INSERT INTO `profiles` (`user_id`, `birthdate`, `sex`, `hometown`, `country`, `photo_id`, `created_at`, `updated_at`) VALUES (99, '1988-04-13', '', 'Tellyfurt', 'Haiti', 53, '1982-10-18 01:07:13', '2001-01-29 22:57:10');
INSERT INTO `profiles` (`user_id`, `birthdate`, `sex`, `hometown`, `country`, `photo_id`, `created_at`, `updated_at`) VALUES (100, '1996-02-08', '', 'Gulgowskimouth', 'Saint Pierre and Miquelon', 98, '1984-07-09 01:58:25', '1992-01-30 20:17:42');

INSERT INTO `users` (`id`, `first_name`, `last_name`, `email`, `phone`, `created_at`, `updated_at`) VALUES (1, 'Vaughn', 'Greenfelder', 'funk.alana@example.net', '(159)224-7014x1', '1997-07-22 15:50:29', '1994-12-19 14:29:18');
INSERT INTO `users` (`id`, `first_name`, `last_name`, `email`, `phone`, `created_at`, `updated_at`) VALUES (2, 'Meggie', 'Tillman', 'yhammes@example.com', '(302)578-3498', '1984-03-26 22:38:01', '1992-10-02 12:05:15');
INSERT INTO `users` (`id`, `first_name`, `last_name`, `email`, `phone`, `created_at`, `updated_at`) VALUES (3, 'Rosemary', 'Satterfield', 'walton.nitzsche@example.net', '(100)838-0198', '2006-12-02 06:31:37', '2011-02-27 09:59:09');
INSERT INTO `users` (`id`, `first_name`, `last_name`, `email`, `phone`, `created_at`, `updated_at`) VALUES (4, 'Luisa', 'Daniel', 'oreinger@example.net', '883-251-8177x34', '2011-12-24 04:21:10', '2000-12-31 00:20:31');
INSERT INTO `users` (`id`, `first_name`, `last_name`, `email`, `phone`, `created_at`, `updated_at`) VALUES (5, 'Michele', 'Murray', 'lilian49@example.net', '119-564-4952x69', '1971-07-30 14:37:43', '1970-09-11 20:29:47');
INSERT INTO `users` (`id`, `first_name`, `last_name`, `email`, `phone`, `created_at`, `updated_at`) VALUES (6, 'Sonya', 'Collins', 'kutch.madonna@example.org', '(146)699-6891', '2006-07-07 22:57:51', '2003-04-04 23:47:09');
INSERT INTO `users` (`id`, `first_name`, `last_name`, `email`, `phone`, `created_at`, `updated_at`) VALUES (7, 'Bernard', 'Stamm', 'cortney65@example.org', '09255066735', '2017-04-29 19:48:02', '1996-07-20 09:18:17');
INSERT INTO `users` (`id`, `first_name`, `last_name`, `email`, `phone`, `created_at`, `updated_at`) VALUES (8, 'Ila', 'O\'Kon', 'welch.jamar@example.org', '+83(4)128031943', '2005-03-31 18:11:27', '1979-02-22 02:41:45');
INSERT INTO `users` (`id`, `first_name`, `last_name`, `email`, `phone`, `created_at`, `updated_at`) VALUES (9, 'Sophie', 'Sawayn', 'ziemann.catharine@example.org', '916.786.0884x97', '1974-08-26 16:45:38', '2013-05-28 20:06:30');
INSERT INTO `users` (`id`, `first_name`, `last_name`, `email`, `phone`, `created_at`, `updated_at`) VALUES (10, 'Brandy', 'Greenfelder', 'orn.marjory@example.com', '(278)757-5747', '1986-09-06 19:40:44', '1997-11-11 14:38:26');
INSERT INTO `users` (`id`, `first_name`, `last_name`, `email`, `phone`, `created_at`, `updated_at`) VALUES (11, 'Hailee', 'Champlin', 'berniece70@example.org', '(113)239-4557x8', '1980-03-04 17:25:11', '2017-08-20 21:58:52');
INSERT INTO `users` (`id`, `first_name`, `last_name`, `email`, `phone`, `created_at`, `updated_at`) VALUES (12, 'Rossie', 'Haley', 'nbechtelar@example.net', '915-678-9559x45', '1992-03-16 14:36:39', '1996-06-04 14:28:16');
INSERT INTO `users` (`id`, `first_name`, `last_name`, `email`, `phone`, `created_at`, `updated_at`) VALUES (13, 'Savion', 'Denesik', 'ukihn@example.com', '967-957-4624x73', '1988-07-22 21:29:52', '2015-03-05 20:41:36');
INSERT INTO `users` (`id`, `first_name`, `last_name`, `email`, `phone`, `created_at`, `updated_at`) VALUES (14, 'Vladimir', 'Tillman', 'smitchell@example.net', '679.926.1920x33', '1991-03-21 12:25:08', '1988-09-27 01:10:55');
INSERT INTO `users` (`id`, `first_name`, `last_name`, `email`, `phone`, `created_at`, `updated_at`) VALUES (15, 'Else', 'Conn', 'hassan51@example.org', '08038506281', '1988-01-26 20:00:48', '2010-01-26 10:23:44');
INSERT INTO `users` (`id`, `first_name`, `last_name`, `email`, `phone`, `created_at`, `updated_at`) VALUES (16, 'Eduardo', 'Mitchell', 'monte94@example.org', '084.333.7962x85', '2014-02-20 02:37:44', '1990-09-03 22:48:06');
INSERT INTO `users` (`id`, `first_name`, `last_name`, `email`, `phone`, `created_at`, `updated_at`) VALUES (17, 'Payton', 'Pfannerstill', 'mossie61@example.org', '+76(7)024998307', '1981-04-14 15:13:18', '2019-08-02 13:22:00');
INSERT INTO `users` (`id`, `first_name`, `last_name`, `email`, `phone`, `created_at`, `updated_at`) VALUES (18, 'Kenyon', 'Fadel', 'melisa73@example.net', '07273019238', '2004-01-01 14:49:02', '2010-10-25 05:50:40');
INSERT INTO `users` (`id`, `first_name`, `last_name`, `email`, `phone`, `created_at`, `updated_at`) VALUES (19, 'Ciara', 'Funk', 'crona.florine@example.org', '419-937-6321', '1991-10-05 20:00:54', '2001-11-06 21:10:54');
INSERT INTO `users` (`id`, `first_name`, `last_name`, `email`, `phone`, `created_at`, `updated_at`) VALUES (20, 'Easton', 'Barrows', 'bkoch@example.org', '+57(9)623195134', '1986-08-03 12:31:25', '2003-10-19 21:44:56');
INSERT INTO `users` (`id`, `first_name`, `last_name`, `email`, `phone`, `created_at`, `updated_at`) VALUES (21, 'Eleanore', 'Pollich', 'hkilback@example.net', '1-872-398-7043', '2006-06-05 03:25:02', '2001-04-11 14:10:55');
INSERT INTO `users` (`id`, `first_name`, `last_name`, `email`, `phone`, `created_at`, `updated_at`) VALUES (22, 'Cordell', 'Corwin', 'rlang@example.org', '1-898-349-9224', '1982-10-03 04:22:26', '1997-08-28 02:27:01');
INSERT INTO `users` (`id`, `first_name`, `last_name`, `email`, `phone`, `created_at`, `updated_at`) VALUES (23, 'Houston', 'Daniel', 'shad.watsica@example.net', '694.837.0591', '2005-05-06 06:18:53', '1977-07-07 09:48:11');
INSERT INTO `users` (`id`, `first_name`, `last_name`, `email`, `phone`, `created_at`, `updated_at`) VALUES (24, 'Orlo', 'D\'Amore', 'ngreenfelder@example.org', '231.040.1122', '2018-05-17 07:03:10', '2013-11-28 06:55:15');
INSERT INTO `users` (`id`, `first_name`, `last_name`, `email`, `phone`, `created_at`, `updated_at`) VALUES (25, 'Alayna', 'Grant', 'kuphal.antone@example.com', '06554770819', '1982-12-25 07:57:04', '2006-04-22 12:26:09');
INSERT INTO `users` (`id`, `first_name`, `last_name`, `email`, `phone`, `created_at`, `updated_at`) VALUES (26, 'Garrison', 'Stoltenberg', 'hswift@example.net', '524-254-0014x76', '2004-01-10 16:38:33', '1973-10-23 14:39:18');
INSERT INTO `users` (`id`, `first_name`, `last_name`, `email`, `phone`, `created_at`, `updated_at`) VALUES (27, 'Gerardo', 'Murray', 'mikel.littel@example.com', '(853)104-1919x5', '2008-03-28 16:57:09', '1988-05-02 04:38:04');
INSERT INTO `users` (`id`, `first_name`, `last_name`, `email`, `phone`, `created_at`, `updated_at`) VALUES (28, 'Christelle', 'Leffler', 'adrian.cummerata@example.com', '586.288.0223x24', '2016-06-29 11:27:27', '2014-03-11 10:06:37');
INSERT INTO `users` (`id`, `first_name`, `last_name`, `email`, `phone`, `created_at`, `updated_at`) VALUES (29, 'Hailee', 'Franecki', 'felicity04@example.com', '(459)259-7700x6', '1992-01-17 07:42:42', '1991-03-17 05:53:41');
INSERT INTO `users` (`id`, `first_name`, `last_name`, `email`, `phone`, `created_at`, `updated_at`) VALUES (30, 'Zoila', 'Collier', 'tabitha87@example.net', '(992)485-6348x9', '1972-11-22 22:12:47', '1997-12-20 13:07:38');
INSERT INTO `users` (`id`, `first_name`, `last_name`, `email`, `phone`, `created_at`, `updated_at`) VALUES (31, 'Tressa', 'Torphy', 'mtromp@example.org', '849-824-5540x22', '1971-03-31 01:26:59', '1993-10-28 09:04:50');
INSERT INTO `users` (`id`, `first_name`, `last_name`, `email`, `phone`, `created_at`, `updated_at`) VALUES (32, 'Rowena', 'Bogan', 'margaretta.cormier@example.org', '1-258-173-5249', '2005-04-04 18:30:16', '2015-04-07 02:21:14');
INSERT INTO `users` (`id`, `first_name`, `last_name`, `email`, `phone`, `created_at`, `updated_at`) VALUES (33, 'Jermey', 'Dicki', 'adell.daniel@example.com', '146-154-7632x41', '2012-10-08 05:40:49', '2008-05-20 06:05:22');
INSERT INTO `users` (`id`, `first_name`, `last_name`, `email`, `phone`, `created_at`, `updated_at`) VALUES (34, 'Lamar', 'Dietrich', 'sebert@example.com', '252.581.7455x85', '1997-08-02 05:19:25', '1976-02-10 13:22:21');
INSERT INTO `users` (`id`, `first_name`, `last_name`, `email`, `phone`, `created_at`, `updated_at`) VALUES (35, 'Alexis', 'Hodkiewicz', 'tconn@example.net', '1-135-098-1843', '1975-12-05 07:09:09', '1977-08-16 01:30:18');
INSERT INTO `users` (`id`, `first_name`, `last_name`, `email`, `phone`, `created_at`, `updated_at`) VALUES (36, 'Ian', 'Feeney', 'xfritsch@example.org', '809.077.3513', '1970-12-01 13:27:38', '1984-08-30 06:59:43');
INSERT INTO `users` (`id`, `first_name`, `last_name`, `email`, `phone`, `created_at`, `updated_at`) VALUES (37, 'Lois', 'Barrows', 'leuschke.lelia@example.com', '1-132-840-8476x', '2014-01-03 21:23:03', '1999-04-01 10:27:13');
INSERT INTO `users` (`id`, `first_name`, `last_name`, `email`, `phone`, `created_at`, `updated_at`) VALUES (38, 'Hosea', 'Lakin', 'armani.barton@example.net', '664.159.6718', '2006-11-15 18:40:11', '1996-02-22 22:38:43');
INSERT INTO `users` (`id`, `first_name`, `last_name`, `email`, `phone`, `created_at`, `updated_at`) VALUES (39, 'Morris', 'Donnelly', 'oboehm@example.org', '+72(0)512906620', '1973-08-30 15:59:46', '2005-06-03 15:14:38');
INSERT INTO `users` (`id`, `first_name`, `last_name`, `email`, `phone`, `created_at`, `updated_at`) VALUES (40, 'Jesus', 'Bernhard', 'ashton09@example.org', '1-055-989-5928', '1986-04-01 06:10:48', '1970-10-12 09:53:59');
INSERT INTO `users` (`id`, `first_name`, `last_name`, `email`, `phone`, `created_at`, `updated_at`) VALUES (41, 'Adell', 'Lebsack', 'cremin.lelah@example.org', '1-120-104-6758x', '2009-02-23 16:44:25', '1988-06-18 19:46:56');
INSERT INTO `users` (`id`, `first_name`, `last_name`, `email`, `phone`, `created_at`, `updated_at`) VALUES (42, 'Joany', 'Yost', 'utillman@example.net', '(318)414-5898x5', '1976-06-02 21:25:43', '2001-07-01 10:15:50');
INSERT INTO `users` (`id`, `first_name`, `last_name`, `email`, `phone`, `created_at`, `updated_at`) VALUES (43, 'Josiane', 'Thiel', 'kian91@example.net', '387-599-1134', '2002-12-19 15:46:43', '2013-05-22 22:34:05');
INSERT INTO `users` (`id`, `first_name`, `last_name`, `email`, `phone`, `created_at`, `updated_at`) VALUES (44, 'Terrell', 'Wintheiser', 'lkertzmann@example.com', '1-325-783-4470x', '2013-12-25 19:40:37', '2000-07-29 19:45:23');
INSERT INTO `users` (`id`, `first_name`, `last_name`, `email`, `phone`, `created_at`, `updated_at`) VALUES (45, 'Lottie', 'Graham', 'moshe43@example.com', '1-405-133-4754', '1979-03-21 09:27:42', '1971-08-08 19:54:53');
INSERT INTO `users` (`id`, `first_name`, `last_name`, `email`, `phone`, `created_at`, `updated_at`) VALUES (46, 'Dimitri', 'Price', 'vauer@example.org', '04764399834', '1978-11-16 14:18:31', '1973-08-06 01:49:20');
INSERT INTO `users` (`id`, `first_name`, `last_name`, `email`, `phone`, `created_at`, `updated_at`) VALUES (47, 'Magdalen', 'Bechtelar', 'herta.johns@example.org', '515.883.0196x13', '2017-11-07 23:41:06', '1985-09-09 20:08:44');
INSERT INTO `users` (`id`, `first_name`, `last_name`, `email`, `phone`, `created_at`, `updated_at`) VALUES (48, 'Josephine', 'Rice', 'leanna05@example.com', '1-376-818-2550x', '1988-07-02 22:24:49', '2005-10-07 21:03:01');
INSERT INTO `users` (`id`, `first_name`, `last_name`, `email`, `phone`, `created_at`, `updated_at`) VALUES (49, 'Sarah', 'Kuhn', 'davis.alisha@example.net', '1-259-476-1783x', '2001-02-01 10:55:55', '2008-05-29 14:56:07');
INSERT INTO `users` (`id`, `first_name`, `last_name`, `email`, `phone`, `created_at`, `updated_at`) VALUES (50, 'Kadin', 'Purdy', 'jazmyne11@example.net', '102-720-6767x46', '1988-03-31 00:48:43', '1977-03-20 14:27:44');
INSERT INTO `users` (`id`, `first_name`, `last_name`, `email`, `phone`, `created_at`, `updated_at`) VALUES (51, 'Zane', 'Bernier', 'lorena.senger@example.com', '(204)991-4672x0', '1974-06-04 09:31:28', '1978-04-20 04:39:38');
INSERT INTO `users` (`id`, `first_name`, `last_name`, `email`, `phone`, `created_at`, `updated_at`) VALUES (52, 'Rickie', 'Gibson', 'javier45@example.com', '+04(4)194464669', '1983-09-05 20:03:57', '2002-08-30 05:32:32');
INSERT INTO `users` (`id`, `first_name`, `last_name`, `email`, `phone`, `created_at`, `updated_at`) VALUES (53, 'Stella', 'Larkin', 'king.dawson@example.net', '897-509-5229x46', '2015-10-29 06:50:43', '1971-02-25 06:58:19');
INSERT INTO `users` (`id`, `first_name`, `last_name`, `email`, `phone`, `created_at`, `updated_at`) VALUES (54, 'Kylee', 'Schaden', 'zita.bode@example.net', '477.845.8199', '1999-11-06 09:27:49', '1971-06-15 03:21:13');
INSERT INTO `users` (`id`, `first_name`, `last_name`, `email`, `phone`, `created_at`, `updated_at`) VALUES (55, 'Caroline', 'Lindgren', 'cquitzon@example.net', '+29(5)611628362', '1987-01-06 02:36:37', '1982-05-09 04:12:26');
INSERT INTO `users` (`id`, `first_name`, `last_name`, `email`, `phone`, `created_at`, `updated_at`) VALUES (56, 'Linnie', 'Halvorson', 'purdy.santina@example.org', '+59(9)792901511', '1990-03-15 04:12:50', '1990-12-27 01:26:38');
INSERT INTO `users` (`id`, `first_name`, `last_name`, `email`, `phone`, `created_at`, `updated_at`) VALUES (57, 'Katelynn', 'Smith', 'upollich@example.net', '851.790.6198', '2001-05-12 02:19:39', '1975-10-23 20:44:33');
INSERT INTO `users` (`id`, `first_name`, `last_name`, `email`, `phone`, `created_at`, `updated_at`) VALUES (58, 'Gabe', 'Pacocha', 'harvey.terrell@example.com', '1-633-559-2245', '1999-09-24 03:23:43', '2011-05-14 16:25:41');
INSERT INTO `users` (`id`, `first_name`, `last_name`, `email`, `phone`, `created_at`, `updated_at`) VALUES (59, 'Bettye', 'Bruen', 'zmayert@example.net', '553-281-9601', '1993-09-09 16:15:39', '1996-08-16 07:47:00');
INSERT INTO `users` (`id`, `first_name`, `last_name`, `email`, `phone`, `created_at`, `updated_at`) VALUES (60, 'Conrad', 'Armstrong', 'mmcdermott@example.com', '1-200-001-3328x', '2012-06-15 05:33:13', '1988-03-04 08:23:08');
INSERT INTO `users` (`id`, `first_name`, `last_name`, `email`, `phone`, `created_at`, `updated_at`) VALUES (61, 'Mozell', 'Hamill', 'zturner@example.net', '854-674-1043', '1970-09-18 23:45:08', '1985-12-06 06:38:04');
INSERT INTO `users` (`id`, `first_name`, `last_name`, `email`, `phone`, `created_at`, `updated_at`) VALUES (62, 'Simeon', 'Nader', 'howell.holden@example.org', '1-020-210-2758x', '1998-05-19 08:22:41', '1971-12-21 10:41:35');
INSERT INTO `users` (`id`, `first_name`, `last_name`, `email`, `phone`, `created_at`, `updated_at`) VALUES (63, 'Joshuah', 'Jast', 'athena16@example.net', '848-454-6637', '1984-03-27 22:25:42', '2015-09-28 08:05:13');
INSERT INTO `users` (`id`, `first_name`, `last_name`, `email`, `phone`, `created_at`, `updated_at`) VALUES (64, 'Octavia', 'Yost', 'aimee15@example.com', '183.930.7903x66', '2000-11-12 10:45:54', '2014-05-05 21:54:16');
INSERT INTO `users` (`id`, `first_name`, `last_name`, `email`, `phone`, `created_at`, `updated_at`) VALUES (65, 'Luisa', 'Langosh', 'beahan.meda@example.com', '1-221-169-1853x', '1977-12-04 20:53:45', '1972-03-19 21:51:03');
INSERT INTO `users` (`id`, `first_name`, `last_name`, `email`, `phone`, `created_at`, `updated_at`) VALUES (66, 'Kianna', 'Eichmann', 'ckling@example.net', '352.573.0410', '1988-07-27 23:28:05', '1997-01-01 06:00:15');
INSERT INTO `users` (`id`, `first_name`, `last_name`, `email`, `phone`, `created_at`, `updated_at`) VALUES (67, 'Monique', 'Mante', 'parker.flossie@example.com', '958.560.5739x78', '1976-04-19 17:57:02', '1972-04-19 00:06:37');
INSERT INTO `users` (`id`, `first_name`, `last_name`, `email`, `phone`, `created_at`, `updated_at`) VALUES (68, 'Estella', 'McLaughlin', 'danika04@example.com', '+02(7)524262134', '2000-12-03 12:44:14', '2006-10-05 18:37:46');
INSERT INTO `users` (`id`, `first_name`, `last_name`, `email`, `phone`, `created_at`, `updated_at`) VALUES (69, 'Madalyn', 'Gutmann', 'vicenta.balistreri@example.com', '1-949-451-7188x', '1977-01-10 20:38:03', '1997-06-29 18:56:02');
INSERT INTO `users` (`id`, `first_name`, `last_name`, `email`, `phone`, `created_at`, `updated_at`) VALUES (70, 'Garrick', 'Wunsch', 'senger.cyrus@example.net', '07338478730', '1997-08-20 19:16:51', '1999-01-13 18:54:05');
INSERT INTO `users` (`id`, `first_name`, `last_name`, `email`, `phone`, `created_at`, `updated_at`) VALUES (71, 'Leopoldo', 'Balistreri', 'stokes.candelario@example.org', '1-230-232-6130x', '2008-09-18 13:31:37', '1988-11-14 00:20:31');
INSERT INTO `users` (`id`, `first_name`, `last_name`, `email`, `phone`, `created_at`, `updated_at`) VALUES (72, 'Lisette', 'Swaniawski', 'mario24@example.net', '1-454-254-7452x', '1998-10-18 17:35:26', '1980-09-09 07:45:20');
INSERT INTO `users` (`id`, `first_name`, `last_name`, `email`, `phone`, `created_at`, `updated_at`) VALUES (73, 'Winifred', 'Ernser', 'rosina65@example.org', '1-150-107-0007x', '1982-01-27 12:13:54', '1992-12-16 17:34:00');
INSERT INTO `users` (`id`, `first_name`, `last_name`, `email`, `phone`, `created_at`, `updated_at`) VALUES (74, 'Destin', 'Will', 'kathryne.russel@example.net', '1-202-960-8177x', '2013-12-05 05:07:19', '2014-03-22 23:21:09');
INSERT INTO `users` (`id`, `first_name`, `last_name`, `email`, `phone`, `created_at`, `updated_at`) VALUES (75, 'Jayme', 'Stracke', 'ymcglynn@example.com', '06583767284', '1984-05-19 12:05:33', '1986-06-19 02:04:11');
INSERT INTO `users` (`id`, `first_name`, `last_name`, `email`, `phone`, `created_at`, `updated_at`) VALUES (76, 'Marcelina', 'Feil', 'sierra48@example.net', '1-038-008-2748x', '2002-12-10 01:13:54', '1979-05-06 16:46:30');
INSERT INTO `users` (`id`, `first_name`, `last_name`, `email`, `phone`, `created_at`, `updated_at`) VALUES (77, 'Clark', 'Jacobson', 'timothy94@example.com', '209-401-1478', '2013-08-09 12:39:46', '2017-06-21 09:32:59');
INSERT INTO `users` (`id`, `first_name`, `last_name`, `email`, `phone`, `created_at`, `updated_at`) VALUES (78, 'Margot', 'Franecki', 'homenick.della@example.com', '789.698.1353', '1975-02-21 20:31:41', '2007-06-17 11:35:03');
INSERT INTO `users` (`id`, `first_name`, `last_name`, `email`, `phone`, `created_at`, `updated_at`) VALUES (79, 'Marjolaine', 'Will', 'hollis.hermiston@example.net', '646.281.4861', '1993-05-06 19:57:26', '2012-12-02 23:36:33');
INSERT INTO `users` (`id`, `first_name`, `last_name`, `email`, `phone`, `created_at`, `updated_at`) VALUES (80, 'Erich', 'Larkin', 'clint98@example.org', '(750)399-0384', '2018-07-05 17:38:49', '1972-07-26 14:19:33');
INSERT INTO `users` (`id`, `first_name`, `last_name`, `email`, `phone`, `created_at`, `updated_at`) VALUES (81, 'Makenzie', 'Zboncak', 'vonrueden.giles@example.com', '057-826-8923x05', '2005-06-20 23:09:43', '1984-01-18 20:23:37');
INSERT INTO `users` (`id`, `first_name`, `last_name`, `email`, `phone`, `created_at`, `updated_at`) VALUES (82, 'Joesph', 'Pollich', 'sauer.jovanny@example.net', '1-610-509-9430x', '1985-03-11 00:15:11', '2001-10-14 20:44:17');
INSERT INTO `users` (`id`, `first_name`, `last_name`, `email`, `phone`, `created_at`, `updated_at`) VALUES (83, 'Leilani', 'Glover', 'leonard.kunde@example.net', '05410236887', '1990-11-05 09:27:05', '1991-04-13 17:32:15');
INSERT INTO `users` (`id`, `first_name`, `last_name`, `email`, `phone`, `created_at`, `updated_at`) VALUES (84, 'Stacey', 'Homenick', 'dewitt.ziemann@example.net', '(558)457-4034x8', '1983-04-23 07:35:38', '2003-06-28 03:29:04');
INSERT INTO `users` (`id`, `first_name`, `last_name`, `email`, `phone`, `created_at`, `updated_at`) VALUES (85, 'Kyleigh', 'Auer', 'henriette50@example.net', '1-617-464-7585x', '1993-06-21 14:48:15', '1995-05-09 04:34:05');
INSERT INTO `users` (`id`, `first_name`, `last_name`, `email`, `phone`, `created_at`, `updated_at`) VALUES (86, 'Samir', 'Quigley', 'wleuschke@example.org', '733-743-9898x70', '1979-10-31 07:49:12', '1981-09-18 07:53:35');
INSERT INTO `users` (`id`, `first_name`, `last_name`, `email`, `phone`, `created_at`, `updated_at`) VALUES (87, 'Ines', 'Metz', 'hauck.johnathan@example.org', '1-240-774-3590', '1988-09-03 05:17:57', '2005-07-11 07:58:02');
INSERT INTO `users` (`id`, `first_name`, `last_name`, `email`, `phone`, `created_at`, `updated_at`) VALUES (88, 'Alanna', 'Heller', 'eichmann.laron@example.org', '032-201-3568x81', '2003-05-19 15:22:06', '1971-04-03 12:12:08');
INSERT INTO `users` (`id`, `first_name`, `last_name`, `email`, `phone`, `created_at`, `updated_at`) VALUES (89, 'Agustin', 'Grimes', 'quinten94@example.org', '827.777.8862', '1971-03-17 06:18:48', '2012-02-29 22:51:05');
INSERT INTO `users` (`id`, `first_name`, `last_name`, `email`, `phone`, `created_at`, `updated_at`) VALUES (90, 'Ida', 'Fisher', 'lratke@example.net', '261.277.4077x26', '1996-12-25 22:26:09', '2010-03-23 21:10:28');
INSERT INTO `users` (`id`, `first_name`, `last_name`, `email`, `phone`, `created_at`, `updated_at`) VALUES (91, 'Norma', 'Murphy', 'dan24@example.net', '(643)988-9928x9', '1982-07-05 07:32:09', '1992-07-29 08:28:25');
INSERT INTO `users` (`id`, `first_name`, `last_name`, `email`, `phone`, `created_at`, `updated_at`) VALUES (92, 'Sydnee', 'Crona', 'eli01@example.org', '686.585.8059', '1989-07-26 12:32:42', '2010-04-24 21:24:08');
INSERT INTO `users` (`id`, `first_name`, `last_name`, `email`, `phone`, `created_at`, `updated_at`) VALUES (93, 'Kaci', 'Kertzmann', 'stracke.tyrique@example.com', '1-978-967-1931', '1980-03-20 05:57:50', '1979-11-08 19:22:39');
INSERT INTO `users` (`id`, `first_name`, `last_name`, `email`, `phone`, `created_at`, `updated_at`) VALUES (94, 'Erick', 'Gulgowski', 'fblick@example.com', '810.004.9974x61', '2002-04-14 09:15:20', '1992-07-24 03:36:31');
INSERT INTO `users` (`id`, `first_name`, `last_name`, `email`, `phone`, `created_at`, `updated_at`) VALUES (95, 'Wilbert', 'Grimes', 'adalberto.moore@example.com', '1-561-177-9944x', '1982-04-04 07:11:53', '1987-12-22 13:15:43');
INSERT INTO `users` (`id`, `first_name`, `last_name`, `email`, `phone`, `created_at`, `updated_at`) VALUES (96, 'Owen', 'McKenzie', 'jaime.rice@example.net', '077.420.3855x99', '2001-10-19 05:34:54', '2005-04-14 15:45:03');
INSERT INTO `users` (`id`, `first_name`, `last_name`, `email`, `phone`, `created_at`, `updated_at`) VALUES (97, 'Price', 'Balistreri', 'eldon.koepp@example.org', '110-769-1304x97', '1974-02-08 06:31:52', '1973-09-06 13:47:47');
INSERT INTO `users` (`id`, `first_name`, `last_name`, `email`, `phone`, `created_at`, `updated_at`) VALUES (98, 'Freda', 'Mueller', 'demmerich@example.org', '(824)868-4682', '2018-07-18 08:01:38', '1998-03-22 18:27:55');
INSERT INTO `users` (`id`, `first_name`, `last_name`, `email`, `phone`, `created_at`, `updated_at`) VALUES (99, 'Viola', 'Rice', 'rudy.watsica@example.org', '088-022-5823', '1990-10-15 16:03:42', '2010-10-08 20:50:51');
INSERT INTO `users` (`id`, `first_name`, `last_name`, `email`, `phone`, `created_at`, `updated_at`) VALUES (100, 'Lurline', 'Williamson', 'amber.kozey@example.com', '1-915-935-0409', '1980-09-25 12:02:56', '1977-04-01 06:15:22');


